id_book,title,link_book
0,Theo dòng tình yêu - Sói Xám Mọc Cánh,https://m.truyenngan.com.vn/tieu-thuyet/truyen-ngon-tinh-hien-dai/927-theo-dong-tinh-yeu.html
1,Yêu em là điều tốt nhất anh đã làm - Sênh Lý,https://m.truyenngan.com.vn/tieu-thuyet/truyen-ngon-tinh-hien-dai/926-yeu-em-la-dieu-tot-nhat-anh-da-lam.html
2,Mắt híp và môi cuốn lô - Nguyễn Thu Thủy,https://m.truyenngan.com.vn/tieu-thuyet/truyen-ngon-tinh-hien-dai/923-mat-hip-va-moi-cuon-lo.html
3,Thất tịch không mưa - Lâm Vũ Tình,https://m.truyenngan.com.vn/tieu-thuyet/truyen-ngon-tinh-hien-dai/921-that-tich-khong-mua.html
4,Mong ước lâu bền - Trúc Âm,https://m.truyenngan.com.vn/tieu-thuyet/truyen-ngon-tinh-hien-dai/920-mong-uoc-lau-ben.html
5,Mùa hè xa xôi - Nhân Gian Tiểu Khả,https://m.truyenngan.com.vn/tieu-thuyet/truyen-ngon-tinh-hien-dai/919-mua-he-co-don.html
6,Dạ Ngưng Tịch - Phi Yên ,https://m.truyenngan.com.vn/tieu-thuyet/truyen-ngon-tinh-hien-dai/918-da-ngung-tich.html
7,Khi anh gặp em - Vô Xứ khả Đào,https://m.truyenngan.com.vn/tieu-thuyet/truyen-ngon-tinh-hien-dai/917-khi-anh-gap-em.html
8,Mảnh hành tây nào không rơi lệ - Điền Phản,https://m.truyenngan.com.vn/tieu-thuyet/truyen-ngon-tinh-hien-dai/916-manh-hanh-tay-nao-khong-roi-le.html
9,33 ngày thất tình - Bào Kình Kình,https://m.truyenngan.com.vn/tieu-thuyet/truyen-ngon-tinh-hien-dai/915-33-ngay-that-tinh.html
10,Truyện không ngắn Lea - Dạ Ly,https://m.truyenngan.com.vn/tieu-thuyet/truyen-ngon-tinh-hien-dai/908-truyen-khong-ngan-lea.html
11,Thiên thần sa ngã - Tào Đình,https://m.truyenngan.com.vn/tieu-thuyet/truyen-ngon-tinh-hien-dai/907-thien-than-sa-nga.html
12,Bùn loãng cũng có thể trát tường - Vô Tụ Đinh Hương,https://m.truyenngan.com.vn/tieu-thuyet/truyen-ngon-tinh-hien-dai/905-bun-loang-cung-co-the-trat-tuong.html
13,Một đời một kiếp - Mặc Bảo Phi Bảo,https://m.truyenngan.com.vn/tieu-thuyet/truyen-ngon-tinh-hien-dai/896-mot-doi-mot-kiep.html
14,Nắng gắt - Cố Mạn,https://m.truyenngan.com.vn/tieu-thuyet/truyen-ngon-tinh-hien-dai/895-nang-gat.html
15,"Gần như vậy, xa đến thế - Tình Không Làm Hề",https://m.truyenngan.com.vn/tieu-thuyet/truyen-ngon-tinh-hien-dai/893-gan-nhu-vay-xa-den-the.html
16,Hoa hồng giấy - Lâm Địch Nhi,https://m.truyenngan.com.vn/tieu-thuyet/truyen-ngon-tinh-hien-dai/891-hoa-hong-giay.html
17,Nhà nàng ở cạnh nhà tôi - Lini Thông Minh,https://m.truyenngan.com.vn/tieu-thuyet/truyen-ngon-tinh-hien-dai/878-nha-nang-o-canh-nha-toi.html
18,12 chòm sao và ngôi trường sát thủ - Verika,https://m.truyenngan.com.vn/tieu-thuyet/truyen-ngon-tinh-hien-dai/877-12-chom-sao-va-ngoi-truong-sat-thu.html
19,Tình yêu gõ cửa lúc nào em chẳng hay - TY,https://m.truyenngan.com.vn/tieu-thuyet/truyen-ngon-tinh-hien-dai/875-tinh-yeu-go-cua-luc-nao-em-chang-hay.html
20,36 chiêu ly hôn - Thủy Tụ Nhân Gia,https://m.truyenngan.com.vn/tieu-thuyet/truyen-ngon-tinh-hien-dai/873-36-chieu-ly-hon.html
21,Dục vọng đen tối - Thánh Yêu,https://m.truyenngan.com.vn/tieu-thuyet/truyen-ngon-tinh-hien-dai/866-duc-vong-den-toi.html
22,Nợ em một đời hạnh phúc - Phỉ Ngã Tư Tồn,https://m.truyenngan.com.vn/tieu-thuyet/truyen-ngon-tinh-hien-dai/863-no-em-mot-doi-hanh-phuc.html
23,Tình yêu thứ ba - Tự Do Hành Tẩu,https://m.truyenngan.com.vn/tieu-thuyet/truyen-ngon-tinh-hien-dai/862-tinh-yeu-thu-ba.html
24,Tường vi đêm đầu tiên - Minh Hiểu Khê,https://m.truyenngan.com.vn/tieu-thuyet/truyen-ngon-tinh-hien-dai/856-tuong-vi-dem-dau-tien.html
25,"Chào anh, đồng chí Trung tá - Scotland Chiết Nhĩ Miêu",https://m.truyenngan.com.vn/tieu-thuyet/truyen-ngon-tinh-hien-dai/853-chao-anh-dong-chi-trung-ta.html
26,Điệp vụ kết hôn - Bồng Vũ,https://m.truyenngan.com.vn/tieu-thuyet/truyen-ngon-tinh-hien-dai/848-diep-vu-ket-hon.html
27,Anh yêu em rất nhiều - Cố Tô Lan,https://m.truyenngan.com.vn/tieu-thuyet/truyen-ngon-tinh-hien-dai/832-anh-yeu-em-rat-nhieu.html
28,Sai lầm nối tiếp - Lam Bạch Sắc,https://m.truyenngan.com.vn/tieu-thuyet/truyen-ngon-tinh-hien-dai/828-sai-lam-noi-tiep.html
29,Gửi thương cho gió - Nhật ký Tiểu Hồ Ly,https://m.truyenngan.com.vn/tieu-thuyet/truyen-ngon-tinh-hien-dai/823-gui-thuong-cho-gio.html
30,"Mẹ lưu manh, con thiên tài - Quỷ Miêu Tử",https://m.truyenngan.com.vn/tieu-thuyet/truyen-ngon-tinh-hien-dai/797-me-luu-manh-con-thien-tai.html
31,Hoàng tử lạnh lùng và cô bé lanh chanh - Sandy,https://m.truyenngan.com.vn/tieu-thuyet/truyen-ngon-tinh-hien-dai/794-hoang-tu-lanh-lung-va-co-be-lanh-chanh.html
32,Ôsin nổi loạn - Suly,https://m.truyenngan.com.vn/tieu-thuyet/truyen-ngon-tinh-hien-dai/791-osin-noi-loan.html
33,Cô vợ bỏ trốn của sát thủ tổng tài - Thiên Cầm,https://m.truyenngan.com.vn/tieu-thuyet/truyen-ngon-tinh-hien-dai/789-co-vo-bo-tron-cua-sat-thu-tong-tai.html
34,Cô dâu mạo danh - Kinny,https://m.truyenngan.com.vn/tieu-thuyet/truyen-ngon-tinh-hien-dai/787-co-dau-mao-danh.html
35,"Nhóc, tôi yêu em thật rồi - Sahy0_0",https://m.truyenngan.com.vn/tieu-thuyet/truyen-ngon-tinh-hien-dai/781-nhoc-toi-yeu-em-that-roi.html
36,Chiếc ôm từ vệt gió quỷ - Lynk Boo,https://m.truyenngan.com.vn/tieu-thuyet/truyen-ngon-tinh-hien-dai/778-chiec-om-tu-vet-gio-quy.html
37,Anh là đồ khốn nhưng em yêu anh - Sam,https://m.truyenngan.com.vn/tieu-thuyet/truyen-ngon-tinh-hien-dai/773-anh-la-do-khon-nhung-em-yeu-anh.html
38,Cô dâu nhà giàu - Shisanchun,https://m.truyenngan.com.vn/tieu-thuyet/truyen-ngon-tinh-hien-dai/770-co-dau-nha-giau.html
39,Tình yêu tuổi teen - Such_as_life,https://m.truyenngan.com.vn/tieu-thuyet/truyen-ngon-tinh-hien-dai/768-tinh-yeu-tuoi-teen.html
40,Tuyết rơi mùa hè - Sheryl Nome,https://m.truyenngan.com.vn/tieu-thuyet/truyen-ngon-tinh-hien-dai/763-tuyet-roi-mua-he.html
41,Cô dâu đi học - Xinhxinhgirlhcm,https://m.truyenngan.com.vn/tieu-thuyet/truyen-ngon-tinh-hien-dai/761-co-dau-di-hoc.html
42,Tình yêu quý tộc - Luxu,https://m.truyenngan.com.vn/tieu-thuyet/truyen-ngon-tinh-hien-dai/760-tinh-yeu-quy-toc.html
43,Hợp đồng hôn nhân 100 ngày - Thượng Quan Miễu Miễu,https://m.truyenngan.com.vn/tieu-thuyet/truyen-ngon-tinh-hien-dai/758-hop-dong-hon-nhan-100-ngay.html
44,Hợp đồng sinh baby - Aries_lion,https://m.truyenngan.com.vn/tieu-thuyet/truyen-ngon-tinh-hien-dai/757-hop-dong-sinh-baby.html
45,Bách biến tiểu mỹ nhân - Chanh Tinh,https://m.truyenngan.com.vn/tieu-thuyet/truyen-ngon-tinh-hien-dai/712-bach-bien-tieu-my-nhan.html
46,Lãnh Lệ chi tinh - Bồng Vũ,https://m.truyenngan.com.vn/tieu-thuyet/truyen-ngon-tinh-hien-dai/710-lanh-le-chi-tinh.html
47,Cuồng lãng chi tình - Bồng Vũ,https://m.truyenngan.com.vn/tieu-thuyet/truyen-ngon-tinh-hien-dai/709-cuong-lang-chi-tinh.html
48,Bang chủ đoạt yêu - Tần Phương Ngọc,https://m.truyenngan.com.vn/tieu-thuyet/truyen-ngon-tinh-hien-dai/706-bang-chu-doat-yeu.html
49,Bản báo cáo tình yêu - Đan Phi Tuyết,https://m.truyenngan.com.vn/tieu-thuyet/truyen-ngon-tinh-hien-dai/705-ban-bao-cao-tinh-yeu.html
50,Bạch Nhật huyên tiêu - Quân Khuynh Tâm,https://m.truyenngan.com.vn/tieu-thuyet/truyen-ngon-tinh-hien-dai/701-bach-nhat-huyen-tieu.html
51,"Bác sĩ, Nhất Thế cần gì? - Cẩm Trúc",https://m.truyenngan.com.vn/tieu-thuyet/truyen-ngon-tinh-hien-dai/699-bac-si-nhat-the-can-gi.html
52,Âm mưu của hoa mĩ nam - Chanh Tinh,https://m.truyenngan.com.vn/tieu-thuyet/truyen-ngon-tinh-hien-dai/694-am-muu-cua-hoa-mi-nam.html
53,Ăn xong chùi mép - Phi Cô Nương,https://m.truyenngan.com.vn/tieu-thuyet/truyen-ngon-tinh-hien-dai/693-an-xong-chui-mep.html
54,Anh xin đầu hàng - Mạc Nhan,https://m.truyenngan.com.vn/tieu-thuyet/truyen-ngon-tinh-hien-dai/691-anh-xin-dau-hang.html
55,Ánh trăng nói đã lãng quên - Độc Mộc Châu,https://m.truyenngan.com.vn/tieu-thuyet/truyen-ngon-tinh-hien-dai/690-anh-trang-noi-da-lang-quen.html
56,Ánh hoàng hôn mỏng manh - Tình Không Làm Hề,https://m.truyenngan.com.vn/tieu-thuyet/truyen-ngon-tinh-hien-dai/688-anh-hoang-hon-mong-manh.html
57,Anh chàng xấu tính - Blue An Kì Nhi,https://m.truyenngan.com.vn/tieu-thuyet/truyen-ngon-tinh-hien-dai/687-anh-chang-xau-tinh.html
58,Ai là của ai -  Thuần Vu Lưu Lạc,https://m.truyenngan.com.vn/tieu-thuyet/truyen-ngon-tinh-hien-dai/685-ai-la-cua-ai.html
59,Ai hiểu được lòng em - Lục Xu,https://m.truyenngan.com.vn/tieu-thuyet/truyen-ngon-tinh-hien-dai/684-ai-hieu-duoc-long-em.html
60,Ai còn chờ ai giữa mùa hoa nở - Sói xám mọc cánh,https://m.truyenngan.com.vn/tieu-thuyet/truyen-ngon-tinh-hien-dai/683-ai-con-cho-ai-giua-mua-hoa-no.html
61,Ác ma - Liên Liên,https://m.truyenngan.com.vn/tieu-thuyet/truyen-ngon-tinh-hien-dai/682-ac-ma.html
62,"Chết, sập bẫy rồi - KingKong Barbie",https://m.truyenngan.com.vn/tieu-thuyet/truyen-ngon-tinh-hien-dai/681-chet-sap-bay-roi.html
63,Anh trai em gái - Tảo Đình,https://m.truyenngan.com.vn/tieu-thuyet/truyen-ngon-tinh-hien-dai/680-anh-trai-em-gai.html
64,Ngược chiều kim đồng hồ - Zuzulinh,https://m.truyenngan.com.vn/tieu-thuyet/truyen-ngon-tinh-hien-dai/679-nguoc-chieu-kim-dong-ho.html
65,Cô là dân chơi hả? - Vitconxauxi1995ct,https://m.truyenngan.com.vn/tieu-thuyet/truyen-ngon-tinh-hien-dai/678-co-la-dan-choi-ha.html
66,Shock tình - Kawi,https://m.truyenngan.com.vn/tieu-thuyet/truyen-ngon-tinh-hien-dai/677-shock-tinh.html
67,Hoa vô lệ - Suly,https://m.truyenngan.com.vn/tieu-thuyet/truyen-ngon-tinh-hien-dai/676-hoa-vo-le.html
68,Yêu phải người tình một đêm - Kim Huyên,https://m.truyenngan.com.vn/tieu-thuyet/truyen-ngon-tinh-hien-dai/675-yeu-phai-nguoi-tinh-mot-dem.html
69,Gửi người tôi yêu - Vũ Hoa,https://m.truyenngan.com.vn/tieu-thuyet/truyen-ngon-tinh-hien-dai/673-gui-nguoi-toi-yeu.html
70,99 khoảnh khắc đời người - Zhang Zi Wen,https://m.truyenngan.com.vn/tieu-thuyet/truyen-ngon-tinh-hien-dai/672-99-khoanh-khac-doi-nguoi.html
71,Như một cơn gió lạ - Mẫn,https://m.truyenngan.com.vn/tieu-thuyet/truyen-ngon-tinh-hien-dai/671-nhu-mot-con-gio-la.html
72,Vẫn mơ về em - Hỗng Cửu,https://m.truyenngan.com.vn/tieu-thuyet/truyen-ngon-tinh-hien-dai/669-van-mo-ve-em.html
73,Từng có một người yêu tôi như sinh mệnh - Thư Nghi,https://m.truyenngan.com.vn/tieu-thuyet/truyen-ngon-tinh-hien-dai/668-tung-co-nguoi-yeu-toi-nhu-sinh-menh.html
74,Tôi và bạn trai kinh tế - Nhân Hải Trung,https://m.truyenngan.com.vn/tieu-thuyet/truyen-ngon-tinh-hien-dai/667-toi-va-ban-trai-kinh-te.html
75,Tốt nghiệp rồi kết hôn thôi - Thuấn Gian Khuynh Thành,https://m.truyenngan.com.vn/tieu-thuyet/truyen-ngon-tinh-hien-dai/666-tot-nghiep-roi-ket-hon-thoi.html
76,Từ sao hỏa đến La Mã - Tiểu Hài Tử ngươi lại đây,https://m.truyenngan.com.vn/tieu-thuyet/truyen-ngon-tinh-hien-dai/665-tu-sao-hoa-den-la-ma.html
77,Thục nữ PK xã hội đen - Thuấn Gian Khuynh Thành,https://m.truyenngan.com.vn/tieu-thuyet/truyen-ngon-tinh-hien-dai/664-thuc-nu-pk-xa-hoi-den.html
78,Quyết ý đi cùng anh - Mộc Phạn,https://m.truyenngan.com.vn/tieu-thuyet/truyen-ngon-tinh-hien-dai/661-quyet-y-di-cung-anh.html
79,"Ngoan, anh yêu em - Orange Quất Tử",https://m.truyenngan.com.vn/tieu-thuyet/truyen-ngon-tinh-hien-dai/658-ngoan-anh-yeu-em.html
80,Lấy nhầm tổng tài lãnh khốc - Ngạn Thiến,https://m.truyenngan.com.vn/tieu-thuyet/truyen-ngon-tinh-hien-dai/657-lay-nham-tong-tai-lanh-khoc.html
81,Cô nàng Hotboy - Ngải Khải Lạc,https://m.truyenngan.com.vn/tieu-thuyet/truyen-ngon-tinh-hien-dai/656-co-nang-hotboy.html
82,Mưa nhỏ hồng trần - Trang Trang,https://m.truyenngan.com.vn/tieu-thuyet/truyen-ngon-tinh-hien-dai/655-mua-nho-hong-tran.html
83,Yêu đôi môi em - Mộc Khinh Yên,https://m.truyenngan.com.vn/tieu-thuyet/truyen-ngon-tinh-hien-dai/654-yeu-doi-moi-em.html
84,"Xin chào, chàng trai của tôi - Mạn Mạn Hồng Đường Thủy",https://m.truyenngan.com.vn/tieu-thuyet/truyen-ngon-tinh-hien-dai/653-xin-chao-chang-trai-cua-toi.html
85,Những ngày đợi nắng - Quái Vương,https://m.truyenngan.com.vn/tieu-thuyet/truyen-ngon-tinh-hien-dai/651-nhung-ngay-doi-nang.html
86,Bóng dáng người hầu - Lê Tiêm,https://m.truyenngan.com.vn/tieu-thuyet/truyen-ngon-tinh-hien-dai/649-bong-dang-nguoi-hau.html
87,Khi yêu ai cũng liêu xiêu - Lại Bảo,https://m.truyenngan.com.vn/tieu-thuyet/truyen-ngon-tinh-hien-dai/646-khi-yeu-ai-cung-lieu-xieu.html
88,Kế hoạch mai mối - Mèo Lười Ngủ ngày,https://m.truyenngan.com.vn/tieu-thuyet/truyen-ngon-tinh-hien-dai/645-ke-hoach-mai-moi.html
89,Hứa trao em kim ngọc lương duyên - Hoan Hà,https://m.truyenngan.com.vn/tieu-thuyet/truyen-ngon-tinh-hien-dai/644-hua-trao-em-kim-ngoc-luong-duyen.html
90,Lãnh thiếu truy thê - Hoa Điền Bắc,https://m.truyenngan.com.vn/tieu-thuyet/truyen-ngon-tinh-hien-dai/643-lanh-thieu-truy-the.html
91,Hôn nhân đã qua - Hân Hân Hướng Vinh,https://m.truyenngan.com.vn/tieu-thuyet/truyen-ngon-tinh-hien-dai/642-hon-nhan-da-qua.html
92,Hãy chờ em đánh răng xong nhé - Hồng Cửu,https://m.truyenngan.com.vn/tieu-thuyet/truyen-ngon-tinh-hien-dai/641-hay-cho-em-danh-rang-xong-nhe.html
93,"Gấu ơi, giúp anh - Lam Tiểu Mị",https://m.truyenngan.com.vn/tieu-thuyet/truyen-ngon-tinh-hien-dai/639-gau-oi-giup-anh.html
94,Gấm rách - Phỉ Ngã Tư Tồn,https://m.truyenngan.com.vn/tieu-thuyet/truyen-ngon-tinh-hien-dai/638-gam-rach.html
95,Căn phòng nhung nhớ - Minh Tiền Vũ Hậu,https://m.truyenngan.com.vn/tieu-thuyet/truyen-ngon-tinh-hien-dai/636-can-phong-nhung-nho.html
96,Thích - Cảnh Hành,https://m.truyenngan.com.vn/tieu-thuyet/truyen-ngon-tinh-hien-dai/632-thich.html
97,Búp bê khiêu vũ với ai? - Thủy Thiên Mặc,https://m.truyenngan.com.vn/tieu-thuyet/truyen-ngon-tinh-hien-dai/631-bup-be-khieu-vu-voi-ai.html
98,"Boss đen tối, đừng chạy! - Mèo Lười ngủ nướng",https://m.truyenngan.com.vn/tieu-thuyet/truyen-ngon-tinh-hien-dai/630-boss-den-toi-dung-chay.html
99,Bao giờ trăng lại tròn - Nguyệt Như Tích,https://m.truyenngan.com.vn/tieu-thuyet/truyen-ngon-tinh-hien-dai/628-bao-gio-trang-lai-tron.html
100,Mê trước cưới sau - An Tư Nguyên,https://m.truyenngan.com.vn/tieu-thuyet/truyen-ngon-tinh-hien-dai/626-me-truoc-cuoi-sau.html
101,Ánh sáng thành phố - Lôi Mễ,https://m.truyenngan.com.vn/tieu-thuyet/truyen-ngon-tinh-hien-dai/625-anh-sang-thanh-pho.html
102,Chỉ có thể là yêu - Hân Như ,https://m.truyenngan.com.vn/tieu-thuyet/truyen-ngon-tinh-hien-dai/623-chi-co-the-la-yeu.html
103,Người vợ thay thế - Ngạn Thiến,https://m.truyenngan.com.vn/tieu-thuyet/truyen-ngon-tinh-hien-dai/621-nguoi-vo-thay-the.html
104,Ngã rẽ đi về phía anh - An Nhiên,https://m.truyenngan.com.vn/tieu-thuyet/truyen-ngon-tinh-hien-dai/617-nga-re-di-ve-phia-anh.html
105,Người giám hộ ưu tú - Trinh tử,https://m.truyenngan.com.vn/tieu-thuyet/truyen-ngon-tinh-hien-dai/605-nguoi-giam-ho-trinh-tu.html
106,Triền miên - Công Khắc,https://m.truyenngan.com.vn/tieu-thuyet/truyen-ngon-tinh-hien-dai/603-trien-mien.html
107,Người tình của đại ca - Tiểu Ngôn,https://m.truyenngan.com.vn/tieu-thuyet/truyen-ngon-tinh-hien-dai/602-nguoi-tinh-cua-dai-ca.html
108,Nguyện yêu em lần nữa - Súp lơ leng keng,https://m.truyenngan.com.vn/tieu-thuyet/truyen-ngon-tinh-hien-dai/601-nguyen-yeu-em-lan-nua.html
109,"Vợ ơi, chào em - Nguyệt Hạ Điệp Ảnh",https://m.truyenngan.com.vn/tieu-thuyet/truyen-ngon-tinh-hien-dai/600-vo-oi-chao-em.html
110,Nhà có chó dữ - Thiên Thảo,https://m.truyenngan.com.vn/tieu-thuyet/truyen-ngon-tinh-hien-dai/599-nha-co-cho-du.html
111,Nếu tình yêu nhiều hơn một chút - Nhân Gian tiểu khả,https://m.truyenngan.com.vn/tieu-thuyet/truyen-ngon-tinh-hien-dai/598-neu-tinh-yeu-nhieu-hon-mot-chut.html
112,Nhật ký chạy trốn tình yêu - Nhân Hải Trung,https://m.truyenngan.com.vn/tieu-thuyet/truyen-ngon-tinh-hien-dai/597-nhat-ky-chay-tron-tinh-yeu.html
113,Noãn đông - Black.F,https://m.truyenngan.com.vn/tieu-thuyet/truyen-ngon-tinh-hien-dai/589-noan-dong.html
114,Mỹ Mãn đệ nhất thiên hạ - An Tư Nguyên,https://m.truyenngan.com.vn/tieu-thuyet/truyen-ngon-tinh-hien-dai/586-my-man-de-nhat-thien-ha.html
115,"Mưa gió thoáng qua, tôi yêu em - Tình không Lam Hề",https://m.truyenngan.com.vn/tieu-thuyet/truyen-ngon-tinh-hien-dai/584-mua-gio-thoang-qua-toi-yeu-em.html
116,Mị tình - Hà Nại,https://m.truyenngan.com.vn/tieu-thuyet/truyen-ngon-tinh-hien-dai/583-mi-tinh.html
117,Nét cười nơi ấy – Tình Không Lam Hề,https://m.truyenngan.com.vn/tieu-thuyet/truyen-ngon-tinh-hien-dai/581-net-cuoi-noi-ay.html
118,Mười giờ tối thứ 6 - Khải Ly,https://m.truyenngan.com.vn/tieu-thuyet/truyen-ngon-tinh-hien-dai/580-muoi-gio-toi-thu-6.html
119,Nơi cuối con đường - Tình không lam hề,https://m.truyenngan.com.vn/tieu-thuyet/truyen-ngon-tinh-hien-dai/575-noi-cuoi-con-duong.html
120,Nơ ánh đèn rực rỡ - Thanh Sam Lạc Thác,https://m.truyenngan.com.vn/tieu-thuyet/truyen-ngon-tinh-hien-dai/574-noi-anh-den-ruc-ro.html
121,Gả cẩu tùy cẩu – Mạc Nhan,https://m.truyenngan.com.vn/tieu-thuyet/truyen-ngon-tinh-hien-dai/570-ga-cau-tuy-cau.html
122,Ốc sên chạy - Diệp Chí Linh,https://m.truyenngan.com.vn/tieu-thuyet/truyen-ngon-tinh-hien-dai/562-oc-sen-chay.html
123,Ông chủ kiêu ngạo - Ngạo Quân tác tình,https://m.truyenngan.com.vn/tieu-thuyet/truyen-ngon-tinh-hien-dai/559-ong-chu-kieu-ngao.html
124,Phá tan mối hận gió xuân - Thẩm Thương My,https://m.truyenngan.com.vn/tieu-thuyet/truyen-ngon-tinh-hien-dai/555-pha-tan-moi-han-gio-xuan.html
125,Mây trên đồng bay mãi - An Dĩ Mạch,https://m.truyenngan.com.vn/tieu-thuyet/truyen-ngon-tinh-hien-dai/553-may-tren-canh-dong-bay-mai.html
126,Mãn bàn giai thâu - Phỉ Ngã Tư Tồn,https://m.truyenngan.com.vn/tieu-thuyet/truyen-ngon-tinh-hien-dai/551-man-ban-giai-thau.html
127,Cút ngay! Đại sắc lang - Mạc Nhan,https://m.truyenngan.com.vn/tieu-thuyet/truyen-ngon-tinh-hien-dai/543-cut-ngay-dai-sac-lang.html
128,Lung linh như nước - Hàm Hàm,https://m.truyenngan.com.vn/tieu-thuyet/truyen-ngon-tinh-hien-dai/541-lung-linh-nhu-nuoc.html
129,Hẹn đẹp như mơ - Phỉ Ngã Tư Tồn,https://m.truyenngan.com.vn/tieu-thuyet/truyen-ngon-tinh-hien-dai/517-hen-dep-nhu-mo.html
130,Satan lầu năm - Kim Huyên,https://m.truyenngan.com.vn/tieu-thuyet/truyen-ngon-tinh-hien-dai/514-satan-lau-nam.html
131,Số mệnh đã định đeo bám anh - Trang Hiếu Hôn,https://m.truyenngan.com.vn/tieu-thuyet/truyen-ngon-tinh-hien-dai/513-so-menh-da-dinh-deo-bam-anh.html
132,Sống như Tiểu Cường - Bukla,https://m.truyenngan.com.vn/tieu-thuyet/truyen-ngon-tinh-hien-dai/512-song-nhu-tieu-cuong.html
133,Thanh lâu ký sự - Sáng Lạn Như Hoa,https://m.truyenngan.com.vn/tieu-thuyet/truyen-ngon-tinh-hien-dai/510-thanh-lau-ky-su.html
134,Sự nhầm lẫn tai hại - Bộ Vi Lan,https://m.truyenngan.com.vn/tieu-thuyet/truyen-ngon-tinh-hien-dai/509-su-nham-lan-tai-hai.html
135,"Xuỵt, đừng nói ta yêu hắn - Đan Phi Tuyết",https://m.truyenngan.com.vn/tieu-thuyet/truyen-ngon-tinh-hien-dai/508-xuyt-dung-noi-ta-yeu-han.html
136,Sủng em không tốt sao - Hận điệp,https://m.truyenngan.com.vn/tieu-thuyet/truyen-ngon-tinh-hien-dai/506-sung-em-khong-tot-sao.html
137,Lãnh Cúc Băng Tâm - Kí Thu,https://m.truyenngan.com.vn/tieu-thuyet/truyen-ngon-tinh-hien-dai/505-lanh-cuc-bang-tam.html
138,Nơi nào củi gạo không vương khói bếp - Lãnh Tuyền,https://m.truyenngan.com.vn/tieu-thuyet/truyen-ngon-tinh-hien-dai/502-noi-nao-cui-gao-khong-vuong-khoi-bep.html
139,Ký ức độc quyền - Mộc Phù Sinh,https://m.truyenngan.com.vn/tieu-thuyet/truyen-ngon-tinh-hien-dai/500-ky-uc-doc-quyen.html
140,Khi lấy chàng (Nhật ký cô dâu trẻ) - Nguyễn Thị Thu Hiền,https://m.truyenngan.com.vn/tieu-thuyet/truyen-ngon-tinh-hien-dai/498-khi-lay-chang-nhat-ki-co-dau-tre.html
141,Kẻ thù của Xử Nữ - Tâm Lam,https://m.truyenngan.com.vn/tieu-thuyet/truyen-ngon-tinh-hien-dai/497-ke-thu-cua-xu-nu.html
142,Tình yêu bên trái - Liên Tâm,https://m.truyenngan.com.vn/tieu-thuyet/truyen-ngon-tinh-hien-dai/493-tinh-yeu-ben-trai.html
143,Anh có thích nước Mỹ không - Tân Di Ổ,https://m.truyenngan.com.vn/tieu-thuyet/truyen-ngon-tinh-hien-dai/485-anh-co-thic-nuoc-my-khong.html
144,Hóa ra anh vẫn ở đây - Tân Di Ổ,https://m.truyenngan.com.vn/tieu-thuyet/truyen-ngon-tinh-hien-dai/484-hoa-ra-anh-van-o-day.html
145,Phù thế phù thành - Tân Di Ổ,https://m.truyenngan.com.vn/tieu-thuyet/truyen-ngon-tinh-hien-dai/483-phu-the-phu-thanh.html
146,Tân sủng - Shi Jin,https://m.truyenngan.com.vn/tieu-thuyet/truyen-ngon-tinh-hien-dai/482-tan-sung.html
147,Tháng sáu trời xanh nhạt - Tâm Văn,https://m.truyenngan.com.vn/tieu-thuyet/truyen-ngon-tinh-hien-dai/479-thang-sau-troi-xanh-nhat.html
148,Thanh mai đấu trúc mã - Mễ Lộ lộ,https://m.truyenngan.com.vn/tieu-thuyet/truyen-ngon-tinh-hien-dai/478-thanh-mai-dau-truc-ma.html
149,Thượng Thượng Ký - Thập Tứ Khuyết,https://m.truyenngan.com.vn/tieu-thuyet/truyen-ngon-tinh-hien-dai/477-thuong-thuong-ky.html
150,Kiss kiss bad girl - Mễ Đồng,https://m.truyenngan.com.vn/tieu-thuyet/truyen-ngon-tinh-hien-dai/473-kiss-kiss-bad-girl.html
151,Không Thể Quên Em - Hoa Thanh Thần,https://m.truyenngan.com.vn/tieu-thuyet/truyen-ngon-tinh-hien-dai/470-khong-the-quen-em.html
152,"Không cẩn thận, họa lớn rồi! - Tùy Vũ Nhi An",https://m.truyenngan.com.vn/tieu-thuyet/truyen-ngon-tinh-hien-dai/469-khong-can-than-hoa-lon-roi.html
153,Kết hôn chớp nhoáng – Liên Tĩnh Trúc Y,https://m.truyenngan.com.vn/tieu-thuyet/truyen-ngon-tinh-hien-dai/468-ket-hon-chop-nhoang.html
154,Tôi không phải công chúa - Kawi,https://m.truyenngan.com.vn/tieu-thuyet/truyen-ngon-tinh-hien-dai/462-toi-khong-phai-cong-chua.html
155,Gái già gả bảy lần - Hoa Minh,https://m.truyenngan.com.vn/tieu-thuyet/truyen-ngon-tinh-hien-dai/459-gai-gia-ga-bay-lan.html
156,Hôn lễ tháng 3 - Tào Đình,https://m.truyenngan.com.vn/tieu-thuyet/truyen-ngon-tinh-hien-dai/458-hon-le-thang-3.html
157,Em dám nói em không tính phúc - Hốt Nhiên Chi Gian,https://m.truyenngan.com.vn/tieu-thuyet/truyen-ngon-tinh-hien-dai/455-em-dam-noi-em-khong-tinh-phuc.html
158,Cám Ơn Định Mệnh Đã Để Anh Gặp Được Em - Hoa Tuyết Tử,https://m.truyenngan.com.vn/tieu-thuyet/truyen-ngon-tinh-hien-dai/450-cam-on-dinh-menh-da-de-anh-gap-duoc-em.html
159,Copy mối tình đầu - Hoa Thanh Thần,https://m.truyenngan.com.vn/tieu-thuyet/truyen-ngon-tinh-hien-dai/449-copy-moi-tinh-dau.html
160,Huyền của Ôn Noãn - An Ninh,https://m.truyenngan.com.vn/tieu-thuyet/truyen-ngon-tinh-hien-dai/447-huyen-cua-on-noan.html
161,Nếu như anh yêu em - Hiểu Nguyệt,https://m.truyenngan.com.vn/tieu-thuyet/truyen-ngon-tinh-hien-dai/445-neu-nhu-anh-yeu-em.html
162,Hãy Tìm Tôi Giữa Cánh Đồng - Đặng Nguyễn Đông Vy,https://m.truyenngan.com.vn/tieu-thuyet/truyen-ngon-tinh-hien-dai/444-hay-tim-toi-giua-canh-dong.html
163,Quyến luyến con rối tình nhân - Hà Vũ,https://m.truyenngan.com.vn/tieu-thuyet/truyen-ngon-tinh-hien-dai/436-quyen-luyen-con-roi-tinh-nhan.html
164,Duyên kì ngộ - Full -Trang Trang,https://m.truyenngan.com.vn/tieu-thuyet/truyen-ngon-tinh-hien-dai/430-duyen-ki-ngo-trang-trang.html
165,Dụ bắt tiểu bạch thỏ - Lộ Khả Khả,https://m.truyenngan.com.vn/tieu-thuyet/truyen-ngon-tinh-hien-dai/427-du-bat-tieu-bach-tho.html
166,Năm tháng là đóa hoa hai lần nở - Đường Thất Công Tử,https://m.truyenngan.com.vn/tieu-thuyet/truyen-ngon-tinh-hien-dai/425-nam-thang-la-doa-hoa-hai-lan-no.html
167,Đồ vô sỉ (Phần 1) - Bạch Đồng,https://m.truyenngan.com.vn/tieu-thuyet/truyen-ngon-tinh-hien-dai/424-do-vo-si.html
168,Độc dược phòng bán vé - Ức Cẩm,https://m.truyenngan.com.vn/tieu-thuyet/truyen-ngon-tinh-hien-dai/423-doc-duoc-phong-ban-ve.html
169,Huyên thảo chưa tàn - Đồng Phi Phi,https://m.truyenngan.com.vn/tieu-thuyet/truyen-ngon-tinh-hien-dai/420-huyen-thao-chua-tan.html
170,Độc nữ pk thầy giáo lưu manh - Đào Đào Nhất Luân,https://m.truyenngan.com.vn/tieu-thuyet/truyen-ngon-tinh-hien-dai/419-doc-nu-pk-thay-giao-luu-manh.html
171,Gặp anh là điều bất ngờ tuyệt vời nhất! - Diệp Tử,https://m.truyenngan.com.vn/tieu-thuyet/truyen-ngon-tinh-hien-dai/417-gap-anh-la-dieu-bat-ngo-tuyet-voi-nhat.html
172,Đáng tiếc không phải anh - Diệp Tử,https://m.truyenngan.com.vn/tieu-thuyet/truyen-ngon-tinh-hien-dai/415-dang-tiec-khong-phai-anh.html
173,Sống Riêng Không Đơn Giản - Đào Nhạc Tư,https://m.truyenngan.com.vn/tieu-thuyet/truyen-ngon-tinh-hien-dai/412-song-rieng-khong-don-gian.html
174,Oan gia ngõ hẹp - Dạ Lễ Phục Mông Diện,https://m.truyenngan.com.vn/tieu-thuyet/truyen-ngon-tinh-hien-dai/411-oan-gia-ngo-hep.html
175,Con thỏ bắt nạt cỏ gần hang - Ức Cầm,https://m.truyenngan.com.vn/tieu-thuyet/truyen-ngon-tinh-hien-dai/407-con-tho-bat-nat-co-gan-hang-tieu-thuyet.html
176,Cuộc chiến hôn nhân - Cống Trà,https://m.truyenngan.com.vn/tieu-thuyet/truyen-ngon-tinh-hien-dai/406-cuoc-chien-hon-nhan.html
177,Cho anh nhìn về phía em (Phần 1)- Tân Di Ổ,https://m.truyenngan.com.vn/tieu-thuyet/truyen-ngon-tinh-hien-dai/404-cho-anh-nhin-ve-phia-em-tieu-thuyet.html
178,"Theo đuổi em, khổ quá cơ! - Đan Phi Tuyết",https://m.truyenngan.com.vn/tieu-thuyet/truyen-ngon-tinh-hien-dai/403-theo-duoi-em-kho-qua-co.html
179,"Thượng thần, ngài hạ lưu - Tử Diên Vĩ",https://m.truyenngan.com.vn/tieu-thuyet/truyen-ngon-tinh-hien-dai/399-thuong-than-ngai-ha-luu.html
180,Tương ái tương sát - Hội Giả Định Ly,https://m.truyenngan.com.vn/tieu-thuyet/truyen-ngon-tinh-hien-dai/396-tuong-ai-tuong-sat.html
181,Dù không là thiên thần - Ninh Tử,https://m.truyenngan.com.vn/tieu-thuyet/truyen-ngon-tinh-hien-dai/390-du-khong-la-thien-than.html
182,Bí mật bị thời gian vùi lấp - Đồng Hoa,https://m.truyenngan.com.vn/tieu-thuyet/truyen-ngon-tinh-hien-dai/389-bi-mat-bi-thoi-gian-vui-lap.html
183,Đổi một vợ hiền - Minh Tinh,https://m.truyenngan.com.vn/tieu-thuyet/truyen-ngon-tinh-hien-dai/388-doi-mot-vo-hien.html
184,Người yêu thích giả ngốc - Đan Phi Tuyết. ,https://m.truyenngan.com.vn/tieu-thuyet/truyen-ngon-tinh-hien-dai/386-nguoi-yeu-thich-gia-ngoc.html
185,Khi ta lướt qua nhau - Dạ Dao,https://m.truyenngan.com.vn/tieu-thuyet/truyen-ngon-tinh-hien-dai/383-khi-ta-luot-qua-nhau.html
186,Hạnh Phúc Quả Táo Chín - Lão Thảo Ăn Nộn Ngưu,https://m.truyenngan.com.vn/tieu-thuyet/truyen-ngon-tinh-hien-dai/372-hanh-phuc-qua-tao-chin.html
187,Chuyện cũ của Lịch Xuyên - Huyền Ẩn,https://m.truyenngan.com.vn/tieu-thuyet/truyen-ngon-tinh-hien-dai/371-chuyen-cu-cua-lich-xuyen.html
188,Giường đơn hay giường đôi - Cầm Sắt Tỳ Bà,https://m.truyenngan.com.vn/tieu-thuyet/truyen-ngon-tinh-hien-dai/364-giuong-don-hay-giuong-doi-tieu-thuyet.html
189,Bên nhau trọn đời - Cố Mạn,https://m.truyenngan.com.vn/tieu-thuyet/truyen-ngon-tinh-hien-dai/363-ben-nhau-tron-doi-co-man.html
190,Gia cố tình yêu - Thanh Sam Lạc Thác,https://m.truyenngan.com.vn/tieu-thuyet/truyen-ngon-tinh-hien-dai/362-gia-co-tinh-yeu.html
191,Cực phẩm ác nam - Tiểu Ngôn,https://m.truyenngan.com.vn/tieu-thuyet/truyen-ngon-tinh-hien-dai/361-cuc-pham-ac-nam.html
192,Mối tình đầu (The first love) - Cửu Dạ Hồi,https://m.truyenngan.com.vn/tieu-thuyet/truyen-ngon-tinh-hien-dai/360-moi-tinh-dau.html
193,Kết hôn rồi yêu - Chu Khinh,https://m.truyenngan.com.vn/tieu-thuyet/truyen-ngon-tinh-hien-dai/356-ket-hon-roi-yeu.html
194,Công tử Liên Thành -  Mãn Tọa Y Quan Thắng Tuyết,https://m.truyenngan.com.vn/tieu-thuyet/truyen-ngon-tinh-hien-dai/354-cong-tu-lien-thanh.html
195,Chưa kết hôn San San - Kim Huyên,https://m.truyenngan.com.vn/tieu-thuyet/truyen-ngon-tinh-hien-dai/352-chua-ket-hon-san-san.html
196,Ai là kẻ thứ 3 - Diệp Khuynh Thành,https://m.truyenngan.com.vn/tieu-thuyet/truyen-ngon-tinh-hien-dai/350-ai-la-ke-thu-3.html
197,Gặp phải tôi em thật bất hạnh - Tội Gia Tội,https://m.truyenngan.com.vn/tieu-thuyet/truyen-ngon-tinh-hien-dai/348-gap-phai-toi-em-that-bat-hanh.html
198,Chọc giận thục nữ - Điển Tâm,https://m.truyenngan.com.vn/tieu-thuyet/truyen-ngon-tinh-hien-dai/343-choc-gian-thuc-nu.html
199,Ăn em ăn tới nghiện - Mễ Lộ Lộ,https://m.truyenngan.com.vn/tieu-thuyet/truyen-ngon-tinh-hien-dai/334-an-em-an-toi-nghien.html
200,Gái già xì tin - Nguyễn Thu Thủy,https://m.truyenngan.com.vn/tieu-thuyet/truyen-ngon-tinh-hien-dai/331-gai-gia-xi-tin.html
201,Em cười hay không đều khuynh thành - Trương Oản Quân,https://m.truyenngan.com.vn/tieu-thuyet/truyen-ngon-tinh-hien-dai/322-em-cuoi-hay-khong-deu-khuynh-thanh.html
202,Vượt qua Lôi Trì - Diệp Lạc Vô Tâm,https://m.truyenngan.com.vn/tieu-thuyet/truyen-ngon-tinh-hien-dai/321-vuot-qua-loi-tri.html
203,Sói và dương cầm - Diệp Lạc Vô Tâm,https://m.truyenngan.com.vn/tieu-thuyet/truyen-ngon-tinh-hien-dai/320-soi-va-duong-cam.html
204,Sa ngã vô tội - Diệp Lạc Vô Tâm,https://m.truyenngan.com.vn/tieu-thuyet/truyen-ngon-tinh-hien-dai/319-sa-nga-vo-toi.html
205,Mãi mãi là bao lâu? - Diệp Lạc Vô Tâm,https://m.truyenngan.com.vn/tieu-thuyet/truyen-ngon-tinh-hien-dai/317-mai-mai-la-bao-lau-diep-lac-vo-tam.html
206,Động phòng hoa chúc sát vách - Diệp Lạc Vô Tâm,https://m.truyenngan.com.vn/tieu-thuyet/truyen-ngon-tinh-hien-dai/316-phong-hoa-chuc-sat-vach.html
207,Đồng Lang Cộng Hôn - Diệp Lạc Vô Tâm,https://m.truyenngan.com.vn/tieu-thuyet/truyen-ngon-tinh-hien-dai/315-dong-lan-cong-hon.html
208,"Chờ em lớn, được không? - Diệp Lạc Vô Tâm",https://m.truyenngan.com.vn/tieu-thuyet/truyen-ngon-tinh-hien-dai/314-cho-em-lon-duoc-khong.html
209,Hương mật tựa khói sương - Điện Tuyền,https://m.truyenngan.com.vn/tieu-thuyet/truyen-ngon-tinh-hien-dai/313-huong-mat-tua-khoi-suong.html
210,Thục nữ mất hồn - Điển Tâm,https://m.truyenngan.com.vn/tieu-thuyet/truyen-ngon-tinh-hien-dai/312-thuc-nu-mat-hon.html
211,Làn váy lay động - Điển Tâm,https://m.truyenngan.com.vn/tieu-thuyet/truyen-ngon-tinh-hien-dai/310-lan-vay-lay-dong.html
212,Chú rể của ác ma - Điển Tâm,https://m.truyenngan.com.vn/tieu-thuyet/truyen-ngon-tinh-hien-dai/308-chu-re-cua-ac-ma.html
213,Đen ăn đen - Cư Ni Nhĩ Tư,https://m.truyenngan.com.vn/tieu-thuyet/truyen-ngon-tinh-hien-dai/307-den-an-den.html
214,Đen trắng - Triêu Tiểu Thành,https://m.truyenngan.com.vn/tieu-thuyet/truyen-ngon-tinh-hien-dai/306-dan-trang.html
215,Đạo tình - Chu Ngọc,https://m.truyenngan.com.vn/tieu-thuyet/truyen-ngon-tinh-hien-dai/304-dao-tinh-chu-ngoc.html
216,Cô vợ bỏ trốn của bạo quân - An Kỳ,https://m.truyenngan.com.vn/tieu-thuyet/truyen-ngon-tinh-hien-dai/302-co-vo-bo-tron-cua-bao-quan.html
217,Cô đơn vào đời - Dịch Phấn Hàn,https://m.truyenngan.com.vn/tieu-thuyet/truyen-ngon-tinh-hien-dai/301-co-don-vao-doi.html
218,Cô dâu không nên là em - Phong Cảnh,https://m.truyenngan.com.vn/tieu-thuyet/truyen-ngon-tinh-hien-dai/300-co-dau-khong-nen-la-em.html
219,Có cần lấy chồng không - Ức Cẩm,https://m.truyenngan.com.vn/tieu-thuyet/truyen-ngon-tinh-hien-dai/299-co-can-lay-chong-khong-uc-cam.html
220,Buông tay để yêu em - Nhã Mông,https://m.truyenngan.com.vn/tieu-thuyet/truyen-ngon-tinh-hien-dai/297-buong-tay-de-yeu-em.html
221,Chàng trai trong hoa hướng dương - Ức Cầm,https://m.truyenngan.com.vn/tieu-thuyet/truyen-ngon-tinh-hien-dai/294-chang-trai-trong-hoa-huong-duong.html
222,Bí mật của bạn trai mẫu mực - Cát Cánh,https://m.truyenngan.com.vn/tieu-thuyet/truyen-ngon-tinh-hien-dai/288-bi-mat-cua-ban-trai-mau-muc.html
223,Cặp đôi xui xẻo - Trạm Lượng,https://m.truyenngan.com.vn/tieu-thuyet/truyen-ngon-tinh-hien-dai/287-cap-doi-xui-xeo.html
224,Cánh cửa xanh - Hồng Nương Tử,https://m.truyenngan.com.vn/tieu-thuyet/truyen-ngon-tinh-hien-dai/286-canh-cua-xanh.html
225,Cấm tình - Tử Tử Tú Nhi,https://m.truyenngan.com.vn/tieu-thuyet/truyen-ngon-tinh-hien-dai/285-cam-tinh.html
226,Cảm giác em mềm lòng - Tứ Nguyệt,https://m.truyenngan.com.vn/tieu-thuyet/truyen-ngon-tinh-hien-dai/283-cam-giac-em-mem-long.html
227,Cảm lạnh mùa hè - Vu Thiên Hâm,https://m.truyenngan.com.vn/tieu-thuyet/truyen-ngon-tinh-hien-dai/282-cam-lanh-mua-he.html
228,Cải tà khó quy chính - Mễ Lộ Lộ,https://m.truyenngan.com.vn/tieu-thuyet/truyen-ngon-tinh-hien-dai/281-cai-ta-kho-quy-chinh.html
229,Cả đời chỉ cần một người là em - Hốt Nhiên Chi Gian,https://m.truyenngan.com.vn/tieu-thuyet/truyen-ngon-tinh-hien-dai/279-ca-doi-chi-can-mot-nguoi-la-em.html
230,Bẻ em không thương lượng - Tuyết Mặc,https://m.truyenngan.com.vn/tieu-thuyet/truyen-ngon-tinh-hien-dai/269-be-em-khong-thuong-luong.html
231,Bảy ngày ân ái - Ân Tầm ,https://m.truyenngan.com.vn/tieu-thuyet/truyen-ngon-tinh-hien-dai/265-bay-ngay-an-ai.html
232,Bảy năm lại bảy năm - Đào hắc tiểu nhất,https://m.truyenngan.com.vn/tieu-thuyet/truyen-ngon-tinh-hien-dai/264-bay-nam-lai-bay-nam.html
233,Bảo vật giang hồ - Tô Tố,https://m.truyenngan.com.vn/tieu-thuyet/truyen-ngon-tinh-hien-dai/260-bao-vat-giang-ho-to-to.html
234,Bản sắc thục nữ -  Tiên Chanh,https://m.truyenngan.com.vn/tieu-thuyet/truyen-ngon-tinh-hien-dai/259-ban-sac-thuc-nu-tien-chanh.html
235,Anh sẽ lại cưa em nhé - Tuyển tập truyện ngắn,https://m.truyenngan.com.vn/tieu-thuyet/truyen-ngon-tinh-hien-dai/256-anh-se-lai-cua-em-nhe-tuyen-tap.html
236,Ánh sáng nhạt - A Bạch Bạch,https://m.truyenngan.com.vn/tieu-thuyet/truyen-ngon-tinh-hien-dai/255-anh-sang-nhat-a-bach-bach.html
237,Ánh hoàng hôn mỏng manh - Tình Không Lam Hề,https://m.truyenngan.com.vn/tieu-thuyet/truyen-ngon-tinh-hien-dai/253-anh-hoang-hon-mong-manh-tinh-lam-khong-he.html
238,Ai là ai của ai - Tiên Chanh,https://m.truyenngan.com.vn/tieu-thuyet/truyen-ngon-tinh-hien-dai/249-ai-la-ai-cua-ai-tien-chanh.html
239,Tạm biệt Vi An ( hay Lần đầu thân mật) - Tập Truyện,https://m.truyenngan.com.vn/tieu-thuyet/truyen-ngon-tinh-hien-dai/239-tam-biet-vi-an.html
240,Ta muốn lái xe Benz - Kim Huyên,https://m.truyenngan.com.vn/tieu-thuyet/truyen-ngon-tinh-hien-dai/238-ta-muon-lai-xe-benz.html
241,Thủ hộ thiên sứ - U Nhã,https://m.truyenngan.com.vn/tieu-thuyet/truyen-ngon-tinh-hien-dai/235-thu-ho-thien-su.html
242,Thiếu nữ xinh đẹp gợi cảm - Giải Ưu,https://m.truyenngan.com.vn/tieu-thuyet/truyen-ngon-tinh-hien-dai/231-thieu-nu-xinh-dep-goi-cam.html
243,Thiên Trương Nhục Cốt Đầu - Mặc Ngân,https://m.truyenngan.com.vn/tieu-thuyet/truyen-ngon-tinh-hien-dai/229-thien-truong-nhuc-cot-dau.html
244,Thiên sơn mộ tuyết - Phỉ ngã tư tồn,https://m.truyenngan.com.vn/tieu-thuyet/truyen-ngon-tinh-hien-dai/228-thien-son-mo-tuyet.html
245,Tình yêu là một lần cảm cúm - Đào Tử Hạ,https://m.truyenngan.com.vn/tieu-thuyet/truyen-ngon-tinh-hien-dai/217-tinh-yeu-la-mot-lan-cam-cum.html
246,Tình cờ - Hồ Ly,https://m.truyenngan.com.vn/tieu-thuyet/truyen-ngon-tinh-hien-dai/213-tinh-co.html
247,Tìm lại tình yêu - Lê Tiêm,https://m.truyenngan.com.vn/tieu-thuyet/truyen-ngon-tinh-hien-dai/212-tin-lai-tinh-yeu.html
248,Yêu Nhau Lắm Cắn Nhau Đau - Hội Giả Định Ly,https://m.truyenngan.com.vn/tieu-thuyet/truyen-ngon-tinh-hien-dai/197-yeu-nhau-lam-can-nhau-dau.html
249,Yêu em từ cái nhìn đầu tiên - Cố Mạn,https://m.truyenngan.com.vn/tieu-thuyet/truyen-ngon-tinh-hien-dai/196-yeu-em-tu-cai-nhin-dau-tien-co-man.html
250,Từ Bi Thành - Đinh Mặc,https://m.truyenngan.com.vn/tieu-thuyet/truyen-ngon-tinh-hien-dai/188-tu-bi-thanh.html
251,"Yêu em, thiên trường địa cửu - Cư Tiểu Diệc",https://m.truyenngan.com.vn/tieu-thuyet/truyen-ngon-tinh-hien-dai/187-yeu-em-thien-truong-dia-cuu-cu-tieu-diec.html
252,Vợ Trước của Satan - Đô Xuân Tử,https://m.truyenngan.com.vn/tieu-thuyet/truyen-ngon-tinh-hien-dai/186-vo-truoc-cua-satan.html
253,Vợ ơi anh biết lỗi rồi - Nguyễn Bích Hồng,https://m.truyenngan.com.vn/tieu-thuyet/truyen-ngon-tinh-hien-dai/185-vo-oi-anh-biet-loi-roi.html
254,Trúc mã là sói - Mèo lười ngủ ngày,https://m.truyenngan.com.vn/tieu-thuyet/truyen-ngon-tinh-hien-dai/183-truc-ma-la-soi.html
255,"Trời Xanh, Biển Cũng Xanh - Primmie",https://m.truyenngan.com.vn/tieu-thuyet/truyen-ngon-tinh-hien-dai/182-troi-xanh-bien-cung-xanh.html
256,Trò Chơi Nguy Hiểm - Tổng Tài Tội Ác Tày Trời - Ân Tầm,https://m.truyenngan.com.vn/tieu-thuyet/truyen-ngon-tinh-hien-dai/181-tro-choi-nguy-hiem-tong-tai-toi-ac-tay-troi.html
257,Trình Gia Có hỷ - Di Sinh Hạ Thảo,https://m.truyenngan.com.vn/tieu-thuyet/truyen-ngon-tinh-hien-dai/180-trinh-gia-co-hy.html
258,Tội Ái Tân Nương - Thanh Đĩnh Phi Lai,https://m.truyenngan.com.vn/tieu-thuyet/truyen-ngon-tinh-hien-dai/179-toi-ai-tan-nuong.html
259,Tiểu Tiền Nô của Cổ Thần - Minh Tinh,https://m.truyenngan.com.vn/tieu-thuyet/truyen-ngon-tinh-hien-dai/178-tieu-tien-no-cua-co-than.html
260,Tiểu Miêu Tân Nương - Âu Dương Hinh,https://m.truyenngan.com.vn/tieu-thuyet/truyen-ngon-tinh-hien-dai/177-tieu-mieu-tan-nuong.html
261,Nhõng nhẽo gặp đa tình - Minh Nguyệt Thính Phong,https://m.truyenngan.com.vn/tieu-thuyet/truyen-ngon-tinh-hien-dai/1024-nhong-nheo-gap-da-tinh.html
262,Tam giác mùa hè - Giải Tống,https://m.truyenngan.com.vn/tieu-thuyet/truyen-ngon-tinh-hien-dai/1023-tam-giac-mua-he.html
263,Hôn nhân không tình yêu - Diệp Lạc Vô Tâm,https://m.truyenngan.com.vn/tieu-thuyet/truyen-ngon-tinh-hien-dai/1022-hon-nhan-khong-tinh-yeu.html
264,Từng đóa bọt biển - Tửu Tiểu Thất,https://m.truyenngan.com.vn/tieu-thuyet/truyen-ngon-tinh-hien-dai/1020-tung-doa-bot-bien.html
265,Âm mưu ngoại tình - Lâm Địch Nhi,https://m.truyenngan.com.vn/tieu-thuyet/truyen-ngon-tinh-hien-dai/1018-am-muu-ngoai-tinh.html
266,Chỉ cần em tin anh - Tia Anpy,https://m.truyenngan.com.vn/tieu-thuyet/truyen-ngon-tinh-hien-dai/1010-chi-can-em-tin-anh.html
267,Ngày hôm qua...đã từng (My Life) - Nguyễn Mon,https://m.truyenngan.com.vn/tieu-thuyet/truyen-ngon-tinh-hien-dai/1009-ngay-hom-qua-da-tung.html
268,Năm tháng vội vã - Cửu Dạ Hồi,https://m.truyenngan.com.vn/tieu-thuyet/truyen-ngon-tinh-hien-dai/1008-nam-thang-voi-va-cuu-da-hoi.html
269,Mộ phần trái tim - Đản Đản,https://m.truyenngan.com.vn/tieu-thuyet/truyen-ngon-tinh-hien-dai/1006-mo-phan-trai-tim-dan-dan.html
270,Công tắc tình yêu - Phỉ Ngã Tư Tồn,https://m.truyenngan.com.vn/tieu-thuyet/truyen-ngon-tinh-hien-dai/1005-cong-tac-tinh-yeu-phi-nga-tu-ton.html
271,Bến xe - Thương Thái Vi,https://m.truyenngan.com.vn/tieu-thuyet/truyen-ngon-tinh-hien-dai/1004-ben-xe-thuong-thai-vi.html
272,Sống chung với mẹ chồng,https://m.truyenngan.com.vn/tieu-thuyet/truyen-ngon-tinh-hien-dai/1003-song-chung-voi-me-chong.html
273,Yêu hay là không - Trịnh Trần,https://m.truyenngan.com.vn/tieu-thuyet/truyen-ngon-tinh-hien-dai/1002-yeu-hay-la-khong.html
274,Đoản khúc cuối cho giai nhân mùa hạ - Nam Ucit,https://m.truyenngan.com.vn/tieu-thuyet/truyen-ngon-tinh-hien-dai/1001-doan-khuc-cuoi-cho-giai-nhan-mua-ha.html
275,Dục vọng kẻ chinh phục - Đinh Mặc,https://m.truyenngan.com.vn/tieu-thuyet/truyen-ngon-tinh-hien-dai/1000-duc-vong-ke-chinh-phuc.html
276,Truy tìm ký ức - Đinh Mặc,https://m.truyenngan.com.vn/tieu-thuyet/truyen-ngon-tinh-hien-dai/999-truy-tim-ky-uc.html
277,Đừng kiêu ngạo như vậy - Tùy Hầu Châu,https://m.truyenngan.com.vn/tieu-thuyet/truyen-ngon-tinh-hien-dai/998-dung-kieu-ngao-nhu-vay.html
278,Hoàng tử bằng lăng và công chúa phượng - Lưu Ngọc Nam,https://m.truyenngan.com.vn/tieu-thuyet/truyen-ngon-tinh-hien-dai/997-hoang-tu-bang-lang-va-cong-chua-phuong.html
279,Khí phách anh hùng - Vũ Trọng,https://m.truyenngan.com.vn/tieu-thuyet/truyen-ngon-tinh-hien-dai/996-khi-phach-anh-hung.html
280,Hào môn kinh mộng III: Đừng Để Lỡ Nhau - Ân Tầm,https://m.truyenngan.com.vn/tieu-thuyet/truyen-ngon-tinh-hien-dai/995-hao-mon-kinh-mong-3.html
281,Hào môn kinh mộng II: Khuế Ước Đàn Ukelele - Ân Tầm,https://m.truyenngan.com.vn/tieu-thuyet/truyen-ngon-tinh-hien-dai/994-hao-mon-kinh-mong-2.html
282,Hào môn kinh mộng I: 99 ngày làm cô dâu - Ân Tầm,https://m.truyenngan.com.vn/tieu-thuyet/truyen-ngon-tinh-hien-dai/993-hao-mon-kinh-mong-1.html
283,Tạm biệt tình đầu,https://m.truyenngan.com.vn/tieu-thuyet/truyen-ngon-tinh-hien-dai/992-tam-biet-tinh-dau.html
284,Người phiên dịch - Kỳ Viện Viện ,https://m.truyenngan.com.vn/tieu-thuyet/truyen-ngon-tinh-hien-dai/991-nguoi-phien-dich.html
285,Ngang qua thế giới của em - Trương Gia Giai,https://m.truyenngan.com.vn/tieu-thuyet/truyen-ngon-tinh-hien-dai/989-ngang-qua-the-gioi-cua-em.html
286,Khế ước quân hôn - Yên Mang,https://m.truyenngan.com.vn/tieu-thuyet/truyen-ngon-tinh-hien-dai/985-khe-uoc-quan-hon.html
287,Đêm nay ngủ cùng ai - Jassica,https://m.truyenngan.com.vn/tieu-thuyet/truyen-ngon-tinh-hien-dai/984-dem-nay-ngu-cung-ai.html
288,Tôi thấy hoa vàng trên cỏ xanh - Nguyễn Nhật Ánh,https://m.truyenngan.com.vn/tieu-thuyet/truyen-ngon-tinh-hien-dai/983-toi-thay-hoa-vang-tren-co-xanh.html
289,Socrates in love - Tiếng gọi tình yêu giữa lòng thế giới - Kyoichi Katayama ,https://m.truyenngan.com.vn/tieu-thuyet/truyen-ngon-tinh-hien-dai/977-socrates-in-love.html
290,Cốt cách mỹ nhân - Mặc Bảo Phi Bảo,https://m.truyenngan.com.vn/tieu-thuyet/truyen-ngon-tinh-hien-dai/967-cot-cach-my-nhan.html
291,Tầng phía dưới bầu trời - Hàn Ni,https://m.truyenngan.com.vn/tieu-thuyet/truyen-ngon-tinh-hien-dai/966-tang-phia-duoi-bau-troi.html
292,Thiên nga đen bị phản bội - Ký Thu ,https://m.truyenngan.com.vn/tieu-thuyet/truyen-ngon-tinh-hien-dai/964-thien-nga-den-bi-phan-boi.html
293,Em sẽ đến cùng cơn mưa - Ichikawa Takuji,https://m.truyenngan.com.vn/tieu-thuyet/truyen-ngon-tinh-hien-dai/956-em-se-den-cung-con-mua.html
294,Cocktail cho tình yêu - Trần Thu Trang,https://m.truyenngan.com.vn/tieu-thuyet/truyen-ngon-tinh-hien-dai/955-cocktail-cho-tinh-yeu.html
295,Ám dục (18+) - Thánh Yêu,https://m.truyenngan.com.vn/tieu-thuyet/truyen-ngon-tinh-hien-dai/947-am-duc.html
296,Kiêu sủng - Đinh Mặc,https://m.truyenngan.com.vn/tieu-thuyet/truyen-ngon-tinh-hien-dai/946-kieu-sung.html
297,Hoa nở giữa tháng năm cô đơn - Sênh Ly,https://m.truyenngan.com.vn/tieu-thuyet/truyen-ngon-tinh-hien-dai/945-hoa-no-giua-thang-nam-co-don.html
298,Khi lướt qua nhau - Sênh Ly,https://m.truyenngan.com.vn/tieu-thuyet/truyen-ngon-tinh-hien-dai/944-khi-luot-qua-nhau.html
299,Vừa gặp đã yêu - Hắc Miêu Bạch Bạch,https://m.truyenngan.com.vn/tieu-thuyet/truyen-ngon-tinh-hien-dai/943-vua-gap-da-yeu.html
300,Sao phải quá đa tình - Cúc Tử,https://m.truyenngan.com.vn/tieu-thuyet/truyen-ngon-tinh-hien-dai/942-sao-phai-qua-da-tinh.html
301,Hoa tình đẫm máu - Tào Đình,https://m.truyenngan.com.vn/tieu-thuyet/truyen-ngon-tinh-hien-dai/941-hoa-tinh-dam-mau.html
302,Truy đuổi - Nhan Tiểu Ngôn ,https://m.truyenngan.com.vn/tieu-thuyet/truyen-ngon-tinh-hien-dai/940-truy-duoi.html
303,Lời chúc phúc của Odin - Quân Tử Dĩ Trạch,https://m.truyenngan.com.vn/tieu-thuyet/truyen-ngon-tinh-hien-dai/939-loi-chuc-phuc-cua-odin.html
304,Hảo nữ Trung Hoa - Hân Nhiên ,https://m.truyenngan.com.vn/tieu-thuyet/truyen-ngon-tinh-hien-dai/938-hao-nu-trung-hoa.html
305,Thời gian tươi đẹp - Đinh Mặc,https://m.truyenngan.com.vn/tieu-thuyet/truyen-ngon-tinh-hien-dai/937-thoi-gian-tuoi-dep.html
306,Hãy nhắm mắt khi anh đến - Đinh mặc,https://m.truyenngan.com.vn/tieu-thuyet/truyen-ngon-tinh-hien-dai/932-hay-nham-mat-khi-anh-den.html
307,Khách qua đường vội vã - Phiêu A Hề,https://m.truyenngan.com.vn/tieu-thuyet/truyen-ngon-tinh-hien-dai/931-khach-qua-duong-voi-va.html
308,Có một người như thế - Dahlia Lio,https://m.truyenngan.com.vn/tieu-thuyet/truyen-ngon-tinh-hien-dai/930-co-mot-nguoi-nhu-the.html
309,Liên Thành quyết - Kim Dung,https://m.truyenngan.com.vn/tieu-thuyet/kiem-hiep/973-lien-thanh-quyet.html
310,Lục Tiểu Phụng - Cổ Long ,https://m.truyenngan.com.vn/tieu-thuyet/kiem-hiep/972-luc-tieu-phung.html
311,Lưu tinh hồ điệp kiếm - Cổ Long,https://m.truyenngan.com.vn/tieu-thuyet/kiem-hiep/971-luu-tinh-ho-diep-kiem.html
312,Lục chỉ cầm ma - Nghê Khuông ,https://m.truyenngan.com.vn/tieu-thuyet/kiem-hiep/970-luc-chi-cam-ma.html
313,Tuyết sơn phi hồ - Kim Dung,https://m.truyenngan.com.vn/tieu-thuyet/kiem-hiep/969-tuyet-son-phi-ho.html
314,Thiên long bát bộ - Kim Dung ,https://m.truyenngan.com.vn/tieu-thuyet/kiem-hiep/968-thien-long-bat-bo.html
315,Ỷ thiên đồ long ký - Kim Dung,https://m.truyenngan.com.vn/tieu-thuyet/kiem-hiep/925-y-thien-do-long-ky.html
316,Thư kiếm ân cừu lục - Kim Dung,https://m.truyenngan.com.vn/tieu-thuyet/kiem-hiep/924-thu-kiem-an-cuu-luc.html
317,Thần Mộ - Phần I - Ngô Biển Quân,https://m.truyenngan.com.vn/tieu-thuyet/kiem-hiep/914-than-mo-1.html
318,Tam quốc diễn nghĩa - La Quán Trung,https://m.truyenngan.com.vn/tieu-thuyet/kiem-hiep/860-tam-quoc-dien-nghia.html
319,Phong Vân - Đan Thanh,https://m.truyenngan.com.vn/tieu-thuyet/kiem-hiep/855-phong-van.html
320,Lộc Đỉnh Ký - Kim Dung,https://m.truyenngan.com.vn/tieu-thuyet/kiem-hiep/849-loc-dinh-ky.html
321,Tiếu ngạo giang hồ - Kim Dung ,https://m.truyenngan.com.vn/tieu-thuyet/kiem-hiep/836-tieu-ngao-giang-ho.html
322,Tru tiên - Tiêu Đỉnh,https://m.truyenngan.com.vn/tieu-thuyet/kiem-hiep/821-tru-tien.html
323,Chỉ đao - Nam Kim Thạch,https://m.truyenngan.com.vn/tieu-thuyet/kiem-hiep/815-chi-dao.html
324,Vân hải ngọc cung duyên - Lương Vũ Sinh,https://m.truyenngan.com.vn/tieu-thuyet/kiem-hiep/812-van-hai-ngoc-cung-duyen.html
325,Bạch hổ tinh quân - Ưu Đàm Hoa,https://m.truyenngan.com.vn/tieu-thuyet/kiem-hiep/808-bach-ho-tinh-quan.html
326,Bỉ ngạn hoa - Thương Nguyệt,https://m.truyenngan.com.vn/tieu-thuyet/kiem-hiep/802-bi-ngan-hoa.html
327,Thất dạ tuyết - Thương Nguyệt,https://m.truyenngan.com.vn/tieu-thuyet/kiem-hiep/798-that-da-tuyet.html
328,Thất chủng binh khí 7 - Quyền đầu - Cổ Long,https://m.truyenngan.com.vn/tieu-thuyet/kiem-hiep/769-quyen-dau.html
329,Thất chủng binh khí 6 - Ly Biệt Câu - Cổ Long,https://m.truyenngan.com.vn/tieu-thuyet/kiem-hiep/767-ly-biet-cau.html
330,Thất chủng binh khí 4 - Đa tình hoàn - Cổ Long,https://m.truyenngan.com.vn/tieu-thuyet/kiem-hiep/765-da-tinh-hoan.html
331,Thất chủng binh khí 2 - Khổng Tước Linh - Cổ Long,https://m.truyenngan.com.vn/tieu-thuyet/kiem-hiep/756-khong-tuoc-linh.html
332,Thất chủng binh khí 1 - Trường Sinh Kiếm - Cổ Long,https://m.truyenngan.com.vn/tieu-thuyet/kiem-hiep/754-truong-sinh-kiem.html
333,Biên Thành lãng tử (Phong Vân đệ nhất đao) - Cổ Long,https://m.truyenngan.com.vn/tieu-thuyet/kiem-hiep/753-bien-thanh-lang-tu.html
334,Biên thành đao thanh - Cổ Long,https://m.truyenngan.com.vn/tieu-thuyet/kiem-hiep/752-bien-thanh-dao-thanh.html
335,Bích Vân thần chưởng - Vô Danh,https://m.truyenngan.com.vn/tieu-thuyet/kiem-hiep/751-bich-van-than-chuong.html
336,Bích nhãn thần quân - Ưu Đàm Hoa,https://m.truyenngan.com.vn/tieu-thuyet/kiem-hiep/750-bich-nhan-than-quan.html
337,Thất chủng binh khí 3 - Bích ngọc đao - Cổ Long,https://m.truyenngan.com.vn/tieu-thuyet/kiem-hiep/749-bich-ngoc-dao.html
338,Bích Linh Ma Ảnh - Châu Dụ Tâm,https://m.truyenngan.com.vn/tieu-thuyet/kiem-hiep/748-bich-linh-ma-anh.html
339,Bích huyết tẩy ngân thương - Cổ Long,https://m.truyenngan.com.vn/tieu-thuyet/kiem-hiep/747-bich-huyet-tay-ngan-thuong.html
340,Bích Huyết Kiếm - Kim Dung,https://m.truyenngan.com.vn/tieu-thuyet/kiem-hiep/746-bich-huyet-kiem.html
341,Bích Huyết Can Vân - Độc Cô Hồng,https://m.truyenngan.com.vn/tieu-thuyet/kiem-hiep/745-bich-huyet-can-van.html
342,Bẻ kiếm bên trời - Kim Dung,https://m.truyenngan.com.vn/tieu-thuyet/kiem-hiep/744-be-kiem-ben-troi.html
343,Bảo kiếm kỳ thư - Vô Danh,https://m.truyenngan.com.vn/tieu-thuyet/kiem-hiep/743-bao-kiem-ky-thu.html
344,Bất Tử Thần Long - Cổ Long,https://m.truyenngan.com.vn/tieu-thuyet/kiem-hiep/742-bat-tu-than-long.html
345,Bán Thế Anh Hùng - Tần Hồng,https://m.truyenngan.com.vn/tieu-thuyet/kiem-hiep/741-ban-the-anh-hung.html
346,Bàn Long Đao - Ưu Đàm Hoa,https://m.truyenngan.com.vn/tieu-thuyet/kiem-hiep/740-ban-lang-dao.html
347,Bát Nhã Thần Chưởng - Vương Triệu Anh,https://m.truyenngan.com.vn/tieu-thuyet/kiem-hiep/739-bat-nha-than-chuong.html
348,Bách Thủ Thư Sinh - Ngọa Long Sinh,https://m.truyenngan.com.vn/tieu-thuyet/kiem-hiep/738-bach-thu-thu-sinh.html
349,Bát Bộ Thần Công - Vô Danh,https://m.truyenngan.com.vn/tieu-thuyet/kiem-hiep/737-bat-bo-than-cong.html
350,Bạch Nhật Quỷ Hồn - Ưu Đàm Hoa,https://m.truyenngan.com.vn/tieu-thuyet/kiem-hiep/736-bach-nhat-quy-hon.html
351,Bạch Ngọc Lão Hổ - Cổ Long,https://m.truyenngan.com.vn/tieu-thuyet/kiem-hiep/735-bach-ngoc-lao-ho.html
352,Bách Bộ Ma Ảnh - Vô Danh,https://m.truyenngan.com.vn/tieu-thuyet/kiem-hiep/734-bach-bo-ma-anh.html
353,Bạch Mã Khiếu Tây Phong - Kim Dung,https://m.truyenngan.com.vn/tieu-thuyet/kiem-hiep/733-bach-ma-khieu-tay-phong.html
354,Bạch Cốt U Linh - Trần Thanh Vân,https://m.truyenngan.com.vn/tieu-thuyet/kiem-hiep/732-bach-cot-u-linh.html
355,Bạch Cốt Lâm - Cổ Long,https://m.truyenngan.com.vn/tieu-thuyet/kiem-hiep/731-bach-cot-lam.html
356,Bách Cầm Sơn Chủ - Âu Thiên Phúc,https://m.truyenngan.com.vn/tieu-thuyet/kiem-hiep/730-bach-cam-son-chu.html
357,Bạch Các Môn - Trần Thanh Vân,https://m.truyenngan.com.vn/tieu-thuyet/kiem-hiep/729-bach-cac-mon.html
358,Thất Chủng Binh Khí 5 - Bá Vương Thương - Cổ Long,https://m.truyenngan.com.vn/tieu-thuyet/kiem-hiep/728-ba-vuong-thuong.html
359,Âu Dương Chính Lan - Ưu Đàm Hoa,https://m.truyenngan.com.vn/tieu-thuyet/kiem-hiep/727-au-duong-chinh-lan.html
360,Ảo ma bộ pháp - Trần Thanh Vân,https://m.truyenngan.com.vn/tieu-thuyet/kiem-hiep/726-ao-ma-bo-phap.html
361,Ảo kiếm linh kỳ - Lương Vũ Sinh,https://m.truyenngan.com.vn/tieu-thuyet/kiem-hiep/725-ao-kiem-linh-ky.html
362,Anh hùng xạ điêu - Kim Dung,https://m.truyenngan.com.vn/tieu-thuyet/kiem-hiep/724-anh-hung-xa-dieu.html
363,Anh hùng Vô lệ - Cổ Long,https://m.truyenngan.com.vn/tieu-thuyet/kiem-hiep/723-anh-hung-vo-le.html
364,Anh Hùng Đông - A dựng cờ bình Mông - Yên Tử Cư Sĩ Trần Đại Sỹ,https://m.truyenngan.com.vn/tieu-thuyet/kiem-hiep/722-anh-hung-dong-a-dung-co-binh-mong.html
365,Ân thù kiếm lục - Cổ Long,https://m.truyenngan.com.vn/tieu-thuyet/kiem-hiep/721-an-thu-kiem-luc.html
366,Ẩn long đại hiệp - LIễu Tàng Dương,https://m.truyenngan.com.vn/tieu-thuyet/kiem-hiep/720-an-long-dai-hiep.html
367,Ân Cừu Ký - Giả Cổ Long,https://m.truyenngan.com.vn/tieu-thuyet/kiem-hiep/719-an-cuu-ky.html
368,Âm Dương thần chưởng - Trần Thanh Vân,https://m.truyenngan.com.vn/tieu-thuyet/kiem-hiep/718-am-duong-than-chuong.html
369,Âm Dương tam thư sinh - Ngọa Long Sinh,https://m.truyenngan.com.vn/tieu-thuyet/kiem-hiep/717-am-duong-tam-thu-sinh.html
370,Âm Dương quái điện - Trần Thanh Vân,https://m.truyenngan.com.vn/tieu-thuyet/kiem-hiep/716-am-duong-quai-dien.html
371,Âm Dương Giới - Khuyết Danh,https://m.truyenngan.com.vn/tieu-thuyet/kiem-hiep/715-am-duong-gioi.html
372,Âm công - Cổ Long,https://m.truyenngan.com.vn/tieu-thuyet/kiem-hiep/714-am-cong.html
373,Bắt trẻ đồng xanh -  J. D. Salinger ,https://m.truyenngan.com.vn/tieu-thuyet/tieu-thuyet-phuong-tay/979-bat-tre-dong-xanh.html
374,Những đứa con của tự do - Marc Levy,https://m.truyenngan.com.vn/tieu-thuyet/tieu-thuyet-phuong-tay/978-nhung-dua-con-cua-tu-do.html
375,Mật mã Da Vinci - Dan Brown ,https://m.truyenngan.com.vn/tieu-thuyet/tieu-thuyet-phuong-tay/965-mat-ma-da-vinci.html
376,Đời không như là mơ -  Kristan Higgins ,https://m.truyenngan.com.vn/tieu-thuyet/tieu-thuyet-phuong-tay/963-doi-khong-nhu-la-mo.html
377,50 sắc thái (18+) - E. L. James,https://m.truyenngan.com.vn/tieu-thuyet/tieu-thuyet-phuong-tay/962-50-sac-thai.html
378,Nhà giả kim - Paulo Coelho,https://m.truyenngan.com.vn/tieu-thuyet/tieu-thuyet-phuong-tay/960-nha-gia-kim.html
379,Chuyến du hành kỳ lạ của ngài Daldry - Marc Levy,https://m.truyenngan.com.vn/tieu-thuyet/tieu-thuyet-phuong-tay/959-chuyen-du-hanh-ky-la-cua-ngai-daldry.html
380,Em ở đâu - Marc Levy,https://m.truyenngan.com.vn/tieu-thuyet/tieu-thuyet-phuong-tay/958-em-o-dau.html
381,Cô gái và hoa cẩm chướng -  Archibald Joseph Cronin,https://m.truyenngan.com.vn/tieu-thuyet/tieu-thuyet-phuong-tay/957-co-gai-va-hoa-cam-chuong.html
382,Điệu Vales giã từ - Milan Kundera,https://m.truyenngan.com.vn/tieu-thuyet/tieu-thuyet-phuong-tay/952-dieu-vales-gia-tu.html
383,Đâu chỉ mình anh - Jane Green,https://m.truyenngan.com.vn/tieu-thuyet/tieu-thuyet-phuong-tay/759-dau-chi-minh-anh.html
384,Night pleasure (18+) - Sherrilyn Kenyon,https://m.truyenngan.com.vn/tieu-thuyet/tieu-thuyet-phuong-tay/755-night-pleasure.html
385,Thần Cupid học yêu - Julius Lester,https://m.truyenngan.com.vn/tieu-thuyet/tieu-thuyet-phuong-tay/663-than-cupid-hoc-yeu.html
386,Những bí ẩn của sa mạc - Frederik Forsythe,https://m.truyenngan.com.vn/tieu-thuyet/tieu-thuyet-phuong-tay/660-nhung-bi-an-cua-sa-mac.html
387,Dấu chân của chúa - Greg Iles,https://m.truyenngan.com.vn/tieu-thuyet/tieu-thuyet-phuong-tay/637-dau-chan-cua-chua.html
388,Cô gái mang trái tim đá - Andrew Davidson,https://m.truyenngan.com.vn/tieu-thuyet/tieu-thuyet-phuong-tay/635-co-gai-mang-trai-tim-da.html
389,Chuyện ở nông trại - George Orwell,https://m.truyenngan.com.vn/tieu-thuyet/tieu-thuyet-phuong-tay/634-chuyen-o-nong-trai.html
390,Nếu đời anh vắng em - Guillaume Musso,https://m.truyenngan.com.vn/tieu-thuyet/tieu-thuyet-phuong-tay/622-neu-doi-anh-vang-em.html
391,Ngày hội quả bí - Agatha Christie,https://m.truyenngan.com.vn/tieu-thuyet/tieu-thuyet-phuong-tay/612-ngay-hoi-qua-bi.html
392,Ngôi sao lầm lỗi - Daniel Steel,https://m.truyenngan.com.vn/tieu-thuyet/tieu-thuyet-phuong-tay/611-ngoi-sao-lam-loi.html
393,Người tình kỳ ảo - Sherrilyn Kenyon,https://m.truyenngan.com.vn/tieu-thuyet/tieu-thuyet-phuong-tay/604-nguoi-tinh-ky-ao.html
394,Nhà Tuck bất tử - Natalie Babbitt,https://m.truyenngan.com.vn/tieu-thuyet/tieu-thuyet-phuong-tay/596-nha-tuck-bat-tu.html
395,Những cú siêu lừa của Arséne Lupin - Maurice Leblanc,https://m.truyenngan.com.vn/tieu-thuyet/tieu-thuyet-phuong-tay/595-nhung-cu-sieu-lua-cua-arsene-lupin.html
396,"Những quả trứng định mệnh - Bulgacov, Mikhail",https://m.truyenngan.com.vn/tieu-thuyet/tieu-thuyet-phuong-tay/591-nhung-qua-trung-dinh-menh.html
397,Match Me If You Can - Susan Elizabeth Phillips,https://m.truyenngan.com.vn/tieu-thuyet/tieu-thuyet-phuong-tay/579-match-me-if-you-can.html
398,A Summer To Remember - Mary Balogh,https://m.truyenngan.com.vn/tieu-thuyet/tieu-thuyet-phuong-tay/578-a-summer-to-remember.html
399,Nỗi cô đơn của các số nguyên tố - Paolo Giordano,https://m.truyenngan.com.vn/tieu-thuyet/tieu-thuyet-phuong-tay/576-noi-co-don-cua-cac-so-nguyen-to.html
400,Nói dối và hẹn hò trực tuyến - Rachel Gibson,https://m.truyenngan.com.vn/tieu-thuyet/tieu-thuyet-phuong-tay/573-noi-doi-va-hen-ho-truc-tuyen.html
401,Love Only Once - Johanna Lindsey,https://m.truyenngan.com.vn/tieu-thuyet/tieu-thuyet-phuong-tay/566-love-only-once.html
402,Những quận chúa nổi loạn - Alexandre Dumas,https://m.truyenngan.com.vn/tieu-thuyet/tieu-thuyet-phuong-tay/564-nhung-quan-chua-noi-loan.html
403,Almost Forever - Linda Howard,https://m.truyenngan.com.vn/tieu-thuyet/tieu-thuyet-phuong-tay/563-almost-forever.html
404,Dọc đường đến đám cưới - Julia Quinn,https://m.truyenngan.com.vn/tieu-thuyet/tieu-thuyet-phuong-tay/561-doc-duong-den-dam-cuoi.html
405,Ngôi sao lạc loài - Johanna Lindsey,https://m.truyenngan.com.vn/tieu-thuyet/tieu-thuyet-phuong-tay/560-ngoi-sao-lac-loai.html
406,Married By Morning - Lisa Kleypas,https://m.truyenngan.com.vn/tieu-thuyet/tieu-thuyet-phuong-tay/552-married-by-morning.html
407,Sarah's Child - Linda Howard,https://m.truyenngan.com.vn/tieu-thuyet/tieu-thuyet-phuong-tay/547-sarah-child.html
408,Son of the Morning - Linda Howard,https://m.truyenngan.com.vn/tieu-thuyet/tieu-thuyet-phuong-tay/546-son-of-the-morning.html
409,Shades of Twilight (Sắc Màu Hoàng Hôn) - Linda Howard,https://m.truyenngan.com.vn/tieu-thuyet/tieu-thuyet-phuong-tay/545-shades-of-twilight.html
410,White Lies (Lời Dối Gian Chân Thật) - Linda Howard ,https://m.truyenngan.com.vn/tieu-thuyet/tieu-thuyet-phuong-tay/544-white-lies.html
411,Bluebird Winter - Linda Howard,https://m.truyenngan.com.vn/tieu-thuyet/tieu-thuyet-phuong-tay/523-bluebird-winter.html
412,Dream Man (Tội Ác Trong Mơ) - Linda Howard,https://m.truyenngan.com.vn/tieu-thuyet/tieu-thuyet-phuong-tay/521-dream-man.html
413,ICE (Băng Đá) - Linda Howard,https://m.truyenngan.com.vn/tieu-thuyet/tieu-thuyet-phuong-tay/519-ice.html
414,Hẹn ước - Lisa Kleypas,https://m.truyenngan.com.vn/tieu-thuyet/tieu-thuyet-phuong-tay/518-hen-uoc.html
415,Quay cuồng vì yêu - Lani Diane Rich,https://m.truyenngan.com.vn/tieu-thuyet/tieu-thuyet-phuong-tay/511-quay-cuong-vi-yeu.html
416,Săn chồng - Jennifer Crusie,https://m.truyenngan.com.vn/tieu-thuyet/tieu-thuyet-phuong-tay/507-san-chong.html
417,To Die For - Linda Howard,https://m.truyenngan.com.vn/tieu-thuyet/tieu-thuyet-phuong-tay/494-to-die-for.html
418,Lâu đài hạnh phúc - Julie Garwood,https://m.truyenngan.com.vn/tieu-thuyet/tieu-thuyet-phuong-tay/492-lau-dai-hanh-phuc.html
419,Tận cùng là cái chết - Agatha Christie,https://m.truyenngan.com.vn/tieu-thuyet/tieu-thuyet-phuong-tay/486-tan-cung-la-cai-chet-agatha-christie.html
420,Kẻ nổi loạn dịu dàng - Johanna Lindsey,https://m.truyenngan.com.vn/tieu-thuyet/tieu-thuyet-phuong-tay/481-ke-noi-loan-diu-dang.html
421,Nhật ký bí mật của tiểu thư Miranda - Julia Quinn,https://m.truyenngan.com.vn/tieu-thuyet/tieu-thuyet-phuong-tay/476-nhat-ky-bi-mat-cua-tieu-thu-miranda.html
422,The captain of all pleasures - Kresley Cole,https://m.truyenngan.com.vn/tieu-thuyet/tieu-thuyet-phuong-tay/475-the-captain-of-all-pleasures.html
423,Pride and Prejudice (Kiêu hãnh và định kiến) - Jane Austen,https://m.truyenngan.com.vn/tieu-thuyet/tieu-thuyet-phuong-tay/472-kieu-hanh-va-dinh-kien.html
424,Người Bảo Hộ (Someone to Watch Over Me) - Judith Mcnaught ,https://m.truyenngan.com.vn/tieu-thuyet/tieu-thuyet-phuong-tay/464-nguoi-bao-ho.html
425,Every Breath You Take - Judith McNaught,https://m.truyenngan.com.vn/tieu-thuyet/tieu-thuyet-phuong-tay/463-every-breath-you-take.html
426,Hạnh phúc nhân đôi - Judith McNaught,https://m.truyenngan.com.vn/tieu-thuyet/tieu-thuyet-phuong-tay/437-hanh-phuc-nhan-doi.html
427,Dreaming of you - Lisa Kleypas,https://m.truyenngan.com.vn/tieu-thuyet/tieu-thuyet-phuong-tay/426-dreaming-of-you.html
428,Bây giờ và mãi mãi - Danielle Steel,https://m.truyenngan.com.vn/tieu-thuyet/tieu-thuyet-phuong-tay/414-bay-gio-va-mai-mai.html
429,Danh dự huy hoàng - Julie Garwood,https://m.truyenngan.com.vn/tieu-thuyet/tieu-thuyet-phuong-tay/413-danh-du-huy-hoang.html
430,The Duke and I - Julia Quinn,https://m.truyenngan.com.vn/tieu-thuyet/tieu-thuyet-phuong-tay/401-the-duke-and-i.html
431,The switch - Lynsay Sands,https://m.truyenngan.com.vn/tieu-thuyet/tieu-thuyet-phuong-tay/398-the-swich.html
432,Anh chàng Sumô không thể béo - Éric-Emmanuel Schmitt,https://m.truyenngan.com.vn/tieu-thuyet/tieu-thuyet-phuong-tay/397-anh-chang-sumo-khong-the-beo.html
433,Vu khống - Linda Lê,https://m.truyenngan.com.vn/tieu-thuyet/tieu-thuyet-phuong-tay/395-vu-khong.html
434,Tiền kiếp có hay không - Jim B.Tucker,https://m.truyenngan.com.vn/tieu-thuyet/tieu-thuyet-phuong-tay/394-tien-kiep-co-hay-khong.html
435,Phần 2 - Eldest - Đại ca - Christopher Paolini ,https://m.truyenngan.com.vn/tieu-thuyet/tieu-thuyet-phuong-tay/392-phan-2-eldest-dai-ca.html
436,Hẹn yêu - Danielle Steel,https://m.truyenngan.com.vn/tieu-thuyet/tieu-thuyet-phuong-tay/385-hen-yeu.html
437,Đại chiến hacker - Cory Doctorow ,https://m.truyenngan.com.vn/tieu-thuyet/tieu-thuyet-phuong-tay/384-dai-chien-hacher.html
438,Tên Phóng Đãng Đáng Yêu (A Loving Scoundrel) - Johanna Lindsey ,https://m.truyenngan.com.vn/tieu-thuyet/tieu-thuyet-phuong-tay/380-a-loving-scoundrel.html
439,Vướng phải tình em - Rachel Gibson,https://m.truyenngan.com.vn/tieu-thuyet/tieu-thuyet-phuong-tay/379-vuong-phai-tinh-em.html
440,Vương quốc của những giấc mơ - Judith McNaught,https://m.truyenngan.com.vn/tieu-thuyet/tieu-thuyet-phuong-tay/378-vuong-quoc-cua-nhung-giac-mo.html
441,Wallflower 3: Devil in Winter - Lisa Kleypas,https://m.truyenngan.com.vn/tieu-thuyet/tieu-thuyet-phuong-tay/377-wallflower-3-devil-in-winter.html
442,When he was wicked - Julia Quinn,https://m.truyenngan.com.vn/tieu-thuyet/tieu-thuyet-phuong-tay/376-when-he-was-wicked.html
443,"Whitney, my love - Judith McNaught",https://m.truyenngan.com.vn/tieu-thuyet/tieu-thuyet-phuong-tay/375-whitney-my-love.html
444,Chiếc Nhẫn Tình Yêu - Danielle Steel ,https://m.truyenngan.com.vn/tieu-thuyet/tieu-thuyet-phuong-tay/368-chiec-nhan-tinh-yeu.html
445,Chàng sumo không thể béo - Eric-Emmanuel Schmitt ,https://m.truyenngan.com.vn/tieu-thuyet/tieu-thuyet-phuong-tay/367-chang-sumo-khong-the-beo.html
446,PS I love you - Cecelia Ahern,https://m.truyenngan.com.vn/tieu-thuyet/tieu-thuyet-phuong-tay/366-ps-i-love-you-tieu-thuyet.html
447,Con gái người giữ kí ức - Kim Edwards,https://m.truyenngan.com.vn/tieu-thuyet/tieu-thuyet-phuong-tay/358-con-gai-nguoi-giu-ki-uc.html
448,Worth any price - Lisa Kleypas,https://m.truyenngan.com.vn/tieu-thuyet/tieu-thuyet-phuong-tay/355-worth-any-price.html
449,Xác ướp thì thầm - Alfred Hitchcock,https://m.truyenngan.com.vn/tieu-thuyet/tieu-thuyet-phuong-tay/351-xac-uop-thi-tham.html
450,Thảm kịch ở Styles - Agatha Christie,https://m.truyenngan.com.vn/tieu-thuyet/tieu-thuyet-phuong-tay/349-tham-kich-o-style.html
451,Against the odds - Lisa Kleypas,https://m.truyenngan.com.vn/tieu-thuyet/tieu-thuyet-phuong-tay/347-against-the-odds.html
452,First comes marriage – Mary Balogh ,https://m.truyenngan.com.vn/tieu-thuyet/tieu-thuyet-phuong-tay/346-first-comes-marriage.html
453,Trái tim hoang dã - Johanna Lindsay,https://m.truyenngan.com.vn/tieu-thuyet/tieu-thuyet-phuong-tay/345-trai-tim-hoang-da.html
454,Xin cho tôi gọi cô là em yêu - Mary Higgins Clark,https://m.truyenngan.com.vn/tieu-thuyet/tieu-thuyet-phuong-tay/344-xin-cho-toi-goi-co-la-em-yeu.html
455,Chiếc măng - tô trắng kẻ ô vuông - Kazimierz Korkozowicz,https://m.truyenngan.com.vn/tieu-thuyet/tieu-thuyet-phuong-tay/342-chiec-mang-to-trang-ke-o-vuong.html
456,"Chia tay thôi, Columbus - Philip Roth",https://m.truyenngan.com.vn/tieu-thuyet/tieu-thuyet-phuong-tay/341-chia-tay-thoi-columbus.html
457,Giã Biệt Tình Xa - Rachel Gibson,https://m.truyenngan.com.vn/tieu-thuyet/tieu-thuyet-phuong-tay/339-gia-biet-tinh-xa.html
458,Bí mật của Emma - Sophie Kinsella ,https://m.truyenngan.com.vn/tieu-thuyet/tieu-thuyet-phuong-tay/338-bi-mat-cua-emma.html
459,A quick bite - Lynsay Sands,https://m.truyenngan.com.vn/tieu-thuyet/tieu-thuyet-phuong-tay/337-a-quick-bite-lynsay-sands.html
460,AQ chính truyện - Lỗ Tấn,https://m.truyenngan.com.vn/tieu-thuyet/tieu-thuyet-phuong-tay/336-aq-chinh-truyen-lo-tan.html
461,Ánh sao chiều - Danielle Steel ,https://m.truyenngan.com.vn/tieu-thuyet/tieu-thuyet-phuong-tay/335-anh-sao-chieu.html
462,"Alexis Zorba, con người hoan lạc - Nikos Kazantzaki",https://m.truyenngan.com.vn/tieu-thuyet/tieu-thuyet-phuong-tay/333-alexis-zorba-con-nguoi-hoan-lac.html
463,Chỉ thuộc về anh - Rachel Gibson,https://m.truyenngan.com.vn/tieu-thuyet/tieu-thuyet-phuong-tay/295-chi-thuoc-ve-anh.html
464,Cái hôn của tử thần - Ira Levin,https://m.truyenngan.com.vn/tieu-thuyet/tieu-thuyet-phuong-tay/280-cai-hon-cua-tu-than.html
465,An offer from a gentleman - Julia Quinn,https://m.truyenngan.com.vn/tieu-thuyet/tieu-thuyet-phuong-tay/278-an-offer-from-a-gentleman.html
466,Breathing room -  Susan Elizabeth Phillips,https://m.truyenngan.com.vn/tieu-thuyet/tieu-thuyet-phuong-tay/277-breathing-room.html
467,Ông chủ nhẫn tâm và người tình công chúa - Natalie Anderson,https://m.truyenngan.com.vn/tieu-thuyet/tieu-thuyet-phuong-tay/276-ong-chu-nhan-tam-va-nguoi-tinh-cong-chua.html
468,Bóng hình (Mirror Image) - Danielle Steel,https://m.truyenngan.com.vn/tieu-thuyet/tieu-thuyet-phuong-tay/275-bong-hinh.html
469,Blue moon - Linda Howard,https://m.truyenngan.com.vn/tieu-thuyet/tieu-thuyet-phuong-tay/274-blue-moon.html
470,Blue-Eyed Devil - Lisa Kleypas,https://m.truyenngan.com.vn/tieu-thuyet/tieu-thuyet-phuong-tay/273-blue-eyed-devil.html
471,Bliss - Lynsay Sands,https://m.truyenngan.com.vn/tieu-thuyet/tieu-thuyet-phuong-tay/272-bliss.html
472,Bí mật của Jane -  Rachel Gibson,https://m.truyenngan.com.vn/tieu-thuyet/tieu-thuyet-phuong-tay/270-bi-mat-cua-jane.html
473,Because you are mine - Lisa Kleypas,https://m.truyenngan.com.vn/tieu-thuyet/tieu-thuyet-phuong-tay/268-because-you-are-mine.html
474,Bảy ngày cho mãi mãi - Marc Levy,https://m.truyenngan.com.vn/tieu-thuyet/tieu-thuyet-phuong-tay/267-bay-ngay-cho-mai-mai.html
475,Bảy ngôi làng ma - Quái Đàm Hiệp Hội,https://m.truyenngan.com.vn/tieu-thuyet/tieu-thuyet-phuong-tay/266-bay-ngoi-lang-ma.html
476,Bầu trời sụp đổ - Sydney Sheldon,https://m.truyenngan.com.vn/tieu-thuyet/tieu-thuyet-phuong-tay/263-bay-troi-sup-do.html
477,Bá tước Môngtơ Crixtô - Alexanđre Dumas,https://m.truyenngan.com.vn/tieu-thuyet/tieu-thuyet-phuong-tay/262-ba-tuoc-mongto-crixo.html
478,Bản năng gốc -  Richard Osborn,https://m.truyenngan.com.vn/tieu-thuyet/tieu-thuyet-phuong-tay/258-ban-nang-goc-richard-osborn.html
479,"Tall, Dark & Hungry - Lynsay Sands",https://m.truyenngan.com.vn/tieu-thuyet/tieu-thuyet-phuong-tay/257-tall-dark-hungry-lynsay.html
480,Em là của anh - Johanna Lindsey,https://m.truyenngan.com.vn/tieu-thuyet/tieu-thuyet-phuong-tay/254-em-la-cua-anh-lindsey.html
481,Anh chàng Hobbit - J.R.R Tolkien,https://m.truyenngan.com.vn/tieu-thuyet/tieu-thuyet-phuong-tay/252-anh-chang-hobbit-tolkien.html
482,All that glitters - Linda Howard,https://m.truyenngan.com.vn/tieu-thuyet/tieu-thuyet-phuong-tay/251-all-that-glitter-linda-howard.html
483,A wallflower christmas - Lisa Kleypas:,https://m.truyenngan.com.vn/tieu-thuyet/tieu-thuyet-phuong-tay/247-a-wallflower-christmas.html
484,Against the rules - Linda Horward,https://m.truyenngan.com.vn/tieu-thuyet/tieu-thuyet-phuong-tay/245-against-the-rules-linda-horward.html
485,The accidental wedding - Anne Gracie,https://m.truyenngan.com.vn/tieu-thuyet/tieu-thuyet-phuong-tay/236-the-accidental-wedding.html
486,Thiếu phụ đam mê -Thérèse Raquin  ,https://m.truyenngan.com.vn/tieu-thuyet/tieu-thuyet-phuong-tay/233-thieu-phu-dam-me.html
487,Thiếu nữ đánh cờ vây - Sơn Táp,https://m.truyenngan.com.vn/tieu-thuyet/tieu-thuyet-phuong-tay/232-thieu-nu-danh-co-vay.html
488,Thiêu huỷ - Linda Howard,https://m.truyenngan.com.vn/tieu-thuyet/tieu-thuyet-phuong-tay/230-thieu-huy.html
489,The viscount who loved me - Julia Quinn,https://m.truyenngan.com.vn/tieu-thuyet/tieu-thuyet-phuong-tay/227-the-viscount-who-loved-me.html
490,The touch of Aphrodite - Joanna Mansell,https://m.truyenngan.com.vn/tieu-thuyet/tieu-thuyet-phuong-tay/226-the-touch-of-aphrodite.html
491,Từ khi anh đến (Then came you) - Lisa Kleypas,https://m.truyenngan.com.vn/tieu-thuyet/tieu-thuyet-phuong-tay/221-tu-khi-anh-den.html
492,The Marriage Bargain - Jennifer Probst,https://m.truyenngan.com.vn/tieu-thuyet/tieu-thuyet-phuong-tay/220-the-marriage-bargain.html
493,Công tước và em (Bridgerton 01)- Julia Quinn,https://m.truyenngan.com.vn/tieu-thuyet/tieu-thuyet-phuong-tay/218-cong-tuoc-va-em.html
494,Tình nhân trọn gói - Anna Oliver,https://m.truyenngan.com.vn/tieu-thuyet/tieu-thuyet-phuong-tay/215-tinh-nhan-tron-goi.html
495,Yêu Tình cờ - Jessica Steele,https://m.truyenngan.com.vn/tieu-thuyet/tieu-thuyet-phuong-tay/210-yeu-tinh-co.html
496,Vòng Xoáy Chết - Suzuki Koji,https://m.truyenngan.com.vn/tieu-thuyet/tieu-thuyet-phuong-tay/209-vong-xoay-chet.html
497,Vòng Tròn Ác Nghiệt - Suzuki Koji,https://m.truyenngan.com.vn/tieu-thuyet/tieu-thuyet-phuong-tay/208-vong-tron-ac-nghiet.html
498,Vẻ đẹp nguy hiểm - Melissa Marr,https://m.truyenngan.com.vn/tieu-thuyet/tieu-thuyet-phuong-tay/207-ve-dep-nguy-hiem.html
499,Vẫn chỉ là cô phù dâu - Patricia Knoll,https://m.truyenngan.com.vn/tieu-thuyet/tieu-thuyet-phuong-tay/206-van-chi-la-co-phu-dau.html
500,Từ Khi Có Em (Until You) - Judith McNaught,https://m.truyenngan.com.vn/tieu-thuyet/tieu-thuyet-phuong-tay/204-tu-khi-co-em.html
501,Từ cái nhìn đầu tiên - Margret Pargeter,https://m.truyenngan.com.vn/tieu-thuyet/tieu-thuyet-phuong-tay/203-tu-cai-nhin-dau-tien.html
502,Và nếu như chuyện này là có thật - Marc Levy,https://m.truyenngan.com.vn/tieu-thuyet/tieu-thuyet-phuong-tay/201-va-neu-nhu-chuyen-nay-la-co-that.html
503,To Sir Philip With Love - Julia Quinn,https://m.truyenngan.com.vn/tieu-thuyet/tieu-thuyet-phuong-tay/200-to-sir-philip-with-love.html
504,Tiếng Sét Xanh - Judith McNaught,https://m.truyenngan.com.vn/tieu-thuyet/tieu-thuyet-phuong-tay/199-tieng-set-xanh.html
505,Chuyện dài bất tận - Michael Ende,https://m.truyenngan.com.vn/tieu-thuyet/kinh-dien/954-chuyen-dai-bat-tan.html
506,Martin Eden - Jack London,https://m.truyenngan.com.vn/tieu-thuyet/kinh-dien/953-martin-eden.html
507,Cuộc săn cừu hoang -  Murakami Haruki,https://m.truyenngan.com.vn/tieu-thuyet/kinh-dien/951-cuoc-san-cuu-hoang.html
508,Suối nguồn - Ayn Rand,https://m.truyenngan.com.vn/tieu-thuyet/kinh-dien/950-suoi-nguon.html
509,Tử tước chẻ đôi - Italo Calvino,https://m.truyenngan.com.vn/tieu-thuyet/kinh-dien/913-tu-tuoc-che-doi.html
510,Cánh buồm đỏ thắm - Alexander Grin,https://m.truyenngan.com.vn/tieu-thuyet/kinh-dien/912-canh-buom-do-tham.html
511,Thiên thần nổi giận - Sidney Sheldon,https://m.truyenngan.com.vn/tieu-thuyet/kinh-dien/899-thien-than-noi-gian.html
512,Những cây cầu ở quận Madison - Robert James Waller,https://m.truyenngan.com.vn/tieu-thuyet/kinh-dien/894-nhung-cay-cau-o-quan-madison.html
513,Trà hoa nữ - Alexandre Dumas con,https://m.truyenngan.com.vn/tieu-thuyet/kinh-dien/892-tra-hoa-nu.html
514,Khu vườn bí mật (The Secret Garden) - Frances Hodgson Burnett,https://m.truyenngan.com.vn/tieu-thuyet/kinh-dien/890-khu-vuon-bi-mat.html
515,Bá tước Môngtơ Crixtô - Alexandre Dumas ,https://m.truyenngan.com.vn/tieu-thuyet/kinh-dien/889-ba-tuoc-mongto-crixto.html
516,Hội chợ phù hoa - William Makepeace Thackeray,https://m.truyenngan.com.vn/tieu-thuyet/kinh-dien/886-hoi-cho-phu-hoa.html
517,Lolita - Vladimir Nabokov,https://m.truyenngan.com.vn/tieu-thuyet/kinh-dien/885-lolita.html
518,Đấu trường sinh tử - Suzanne Collins,https://m.truyenngan.com.vn/tieu-thuyet/kinh-dien/882-dau-truong-sinh-tu.html
519,Người tù khổ sai - Henry Charrière,https://m.truyenngan.com.vn/tieu-thuyet/kinh-dien/871-nguoi-tu-kho-sai.html
520,Lão Goriot - Honore De Balzac,https://m.truyenngan.com.vn/tieu-thuyet/kinh-dien/869-lao-goriot.html
521,Jên Erơ - Charlotte Bronte,https://m.truyenngan.com.vn/tieu-thuyet/kinh-dien/867-jen-ero.html
522,Đồi Gió Hú - Emily Bronte,https://m.truyenngan.com.vn/tieu-thuyet/kinh-dien/864-doi-gio-hu.html
523,Bác sĩ Zhivago - Boris Pasternak,https://m.truyenngan.com.vn/tieu-thuyet/kinh-dien/861-bac-si-zhivago.html
524,Những tấm lòng cao cả -  Edmondo De Amicis,https://m.truyenngan.com.vn/tieu-thuyet/kinh-dien/858-nhung-tam-long-cao-ca.html
525,Trăm năm cô đơn - Gabriel Garcia Marquez,https://m.truyenngan.com.vn/tieu-thuyet/kinh-dien/854-tram-nam-co-don.html
526,Phục sinh - Lev Tolstoy,https://m.truyenngan.com.vn/tieu-thuyet/kinh-dien/852-phuc-sinh.html
527,Tiếng gọi nơi hoang dã -  Jack London,https://m.truyenngan.com.vn/tieu-thuyet/kinh-dien/850-tieng-goi-noi-hoang-da.html
528,Thép đã tôi thế đấy - Nhicalai Axtơrốpxki,https://m.truyenngan.com.vn/tieu-thuyet/kinh-dien/847-thep-da-toi-the-day.html
529,Miếng da lừa - Honoré de Balzac,https://m.truyenngan.com.vn/tieu-thuyet/kinh-dien/846-mieng-da-lua.html
530,Chiến tranh và hòa bình (War and Peace ) - Leo Tolstoy,https://m.truyenngan.com.vn/tieu-thuyet/kinh-dien/845-chien-tranh-va-hoa-binh.html
531,Không gia đình -  Hector Malot,https://m.truyenngan.com.vn/tieu-thuyet/kinh-dien/842-khong-gia-dinh.html
532,Những người khốn khổ -  Victor Hugo,https://m.truyenngan.com.vn/tieu-thuyet/kinh-dien/839-nhung-nguoi-khon-kho.html
533,Đỗ quyên đỏ - Anchee Min,https://m.truyenngan.com.vn/tieu-thuyet/kinh-dien/837-do-quyen-do.html
534,Giết con chim nhại - Harper Lee,https://m.truyenngan.com.vn/tieu-thuyet/kinh-dien/835-giet-con-chim-nhai.html
535,Hai số phận - Jeffrey Archer,https://m.truyenngan.com.vn/tieu-thuyet/kinh-dien/834-hai-so-phan.html
536,Hoàng tử bé - Antoine de Saint-Exupéry,https://m.truyenngan.com.vn/tieu-thuyet/kinh-dien/831-hoang-tu-be.html
537,The Godfather (Bố già ) - Mario Puzo,https://m.truyenngan.com.vn/tieu-thuyet/kinh-dien/829-bo-gia.html
538,Người đua diều - Khaled Hosseini,https://m.truyenngan.com.vn/tieu-thuyet/kinh-dien/824-nguoi-dua-dieu.html
539,Những lá thư người cha gửi cho con gái - Jawaharlal Nehru,https://m.truyenngan.com.vn/tieu-thuyet/kinh-dien/820-nhung-la-thu-nguoi-cha-gui-cho-con-gai.html
540,Sông Đông êm đềm - Mikhain Sôlôkhôp,https://m.truyenngan.com.vn/tieu-thuyet/kinh-dien/817-song-dong-em-dem.html
541,Trên sa mạc và trong rừng thẳm - Henryk Sienkiewicz,https://m.truyenngan.com.vn/tieu-thuyet/kinh-dien/813-tren-sa-mac-va-trong-rung-tham.html
542,Con hủi - Helena Mniszek,https://m.truyenngan.com.vn/tieu-thuyet/kinh-dien/810-con-hui.html
543,Ruồi trâu -  Ethel Lilian Voynich,https://m.truyenngan.com.vn/tieu-thuyet/kinh-dien/807-ruoi-trau.html
544,Ngôi nhà nhỏ trên thảo nguyên - Laura Ingallss Wilder,https://m.truyenngan.com.vn/tieu-thuyet/kinh-dien/659-ngoi-nha-nho-tren-thao-nguyen.html
545,Cuốn Theo Chiều Gió - Margaret Mitchell,https://m.truyenngan.com.vn/tieu-thuyet/kinh-dien/359-cuon-theo-chieu-gio.html
546,Nàng công chúa gỗ Đàn hương - The sandalwood princess -,https://m.truyenngan.com.vn/tieu-thuyet/kinh-dien/223-nang-cong-chua-go-dan-huong.html
547,Tiếng chim hót trong bụi mận gai - Colleen McCulough,https://m.truyenngan.com.vn/tieu-thuyet/kinh-dien/198-tieng-chim-hot-trong-vui-man-gai.html
548,Thị cảm - Phương Duy,https://m.truyenngan.com.vn/tieu-thuyet/truyen-kinh-di/1033-thi-cam-phuong-duy.html
549,Pháp y tự truyện - Nguyễn Thanh Hào,https://m.truyenngan.com.vn/tieu-thuyet/truyen-kinh-di/1031-phap-y-tu-truyen-nguyen-thanh-hao.html
550,Ngải hài nhi - Trường Lê,https://m.truyenngan.com.vn/tieu-thuyet/truyen-kinh-di/1015-ngai-hai-nhi.html
551,Kể chuyện đi làm của Kỹ sư thủy lợi - No.Reaseon2,https://m.truyenngan.com.vn/tieu-thuyet/truyen-kinh-di/1013-ke-chuyen-di-lam-cua-ki-su-thuy-loi.html
552,Căn phòng cấm - R.l.stine,https://m.truyenngan.com.vn/tieu-thuyet/truyen-kinh-di/982-can-phong-cam.html
553,Bi kịch người sói  - Jarson Dark,https://m.truyenngan.com.vn/tieu-thuyet/truyen-kinh-di/981-bi-kich-nguoi-soi.html
554,Bảy lần canh cửa - Alfred Hitchcock,https://m.truyenngan.com.vn/tieu-thuyet/truyen-kinh-di/980-bay-lan-canh-cua.html
555,Vụ án kinh hoàng ở thị trấn Zoldiac - Verika,https://m.truyenngan.com.vn/tieu-thuyet/truyen-kinh-di/976-vu-an-kinh-hoang-o-thi-tran-zoldiac.html
556,Chiếc mặt nạ da người - Itto Aptx,https://m.truyenngan.com.vn/tieu-thuyet/truyen-kinh-di/961-chiec-mat-na-da-nguoi.html
557,Gia tộc Ma Cà Rồng - Tập 3 - Hé lộ - Melissa Delacruz,https://m.truyenngan.com.vn/tieu-thuyet/truyen-kinh-di/911-gia-toc-ma-ca-rong-tap-3.html
558,Gia tộc Ma Cà Rồng - Tập 2 - Vũ hội hóa trang - Melissa Delacruz,https://m.truyenngan.com.vn/tieu-thuyet/truyen-kinh-di/910-gia-toc-ma-ca-rong-tap-2.html
559,Gia tộc Ma Cà Rồng - Tập 1 - Thế giới ma - Melissa Delacruz,https://m.truyenngan.com.vn/tieu-thuyet/truyen-kinh-di/909-gia-toc-ma-ca-rong-tap-1.html
560,Ma thổi đèn - Tập 7 - Thi Vương Tương Tây - Thiên Hạ Bá Xướng,https://m.truyenngan.com.vn/tieu-thuyet/truyen-kinh-di/904-ma-thoi-den-t7.html
561,Ma thổi đèn - Tập 5 - Mộ Hoàng Bì Tử - Thiên Hạ Bá Xướng,https://m.truyenngan.com.vn/tieu-thuyet/truyen-kinh-di/903-ma-thoi-den-t5.html
562,Ma thổi đèn - Tập 4 - Thần cung côn luân - Thiên Hạ Bá Xướng,https://m.truyenngan.com.vn/tieu-thuyet/truyen-kinh-di/902-ma-thoi-den-t4.html
563,Ma thổi đèn - Tập 3 - Trùng Cốc Vân Nam - Thiên Hạ Bá Xướng,https://m.truyenngan.com.vn/tieu-thuyet/truyen-kinh-di/901-ma-thoi-den-t3.html
564,Ma thổi đèn - Tập 2 - Mê động long lĩnh - Thiên Hạ Bá Xướng,https://m.truyenngan.com.vn/tieu-thuyet/truyen-kinh-di/900-ma-thoi-den-t2.html
565,Tên của đóa hồng - Umberto Eco,https://m.truyenngan.com.vn/tieu-thuyet/truyen-kinh-di/898-ten-cua-doa-bong.html
566,Dracula -  Bram Stoker,https://m.truyenngan.com.vn/tieu-thuyet/truyen-kinh-di/897-dracula.html
567,Lời nguyển của quỷ - An,https://m.truyenngan.com.vn/tieu-thuyet/truyen-kinh-di/888-loi-nguyen-cua-quy.html
568,Tuyển tập các tác phẩm Alfred Hitchcock - Alfred Hitchcock,https://m.truyenngan.com.vn/tieu-thuyet/truyen-kinh-di/887-tuyen-tap-alfred-hitchcock.html
569,Vòng xoáy chết - Suzuki Koji,https://m.truyenngan.com.vn/tieu-thuyet/truyen-kinh-di/884-vong-xoay-chet.html
570,Quỷ ám - William Peter Blatty,https://m.truyenngan.com.vn/tieu-thuyet/truyen-kinh-di/883-quy-am.html
571,Magic black - Bí danh,https://m.truyenngan.com.vn/tieu-thuyet/truyen-kinh-di/876-magic-black.html
572,Tượng đồng đen một chân - Xuân Đức,https://m.truyenngan.com.vn/tieu-thuyet/truyen-kinh-di/872-tuong-dong-den-mot-chan.html
573,Vụ án ngôi mộ cổ ở ngoại thành Bắc Kinh - Tương Dương ,https://m.truyenngan.com.vn/tieu-thuyet/truyen-kinh-di/870-vu-an-ngoi-mo-co-o-ngoai-thanh-bac-kinh.html
574,Vượt qua sóng dữ - Dạ Thu,https://m.truyenngan.com.vn/tieu-thuyet/truyen-kinh-di/868-vuot-qua-song-du.html
575,Quán trọ hoang thôn - Sái Tuấn ,https://m.truyenngan.com.vn/tieu-thuyet/truyen-kinh-di/865-quan-tro-hoang-thon.html
576,Chuyện quái dị ở trường học - Quái Đàm Hiệp Hội,https://m.truyenngan.com.vn/tieu-thuyet/truyen-kinh-di/859-chuyen-quai-di-o-truong-hoc.html
577,Nhật ký sau khi chết - Hổ Đầu Miêu Diện ,https://m.truyenngan.com.vn/tieu-thuyet/truyen-kinh-di/857-nhat-ky-sau-khi-chet.html
578,Im lặng - Hạt cát dưới mộ,https://m.truyenngan.com.vn/tieu-thuyet/truyen-kinh-di/851-im-lang.html
579,Tổng hợp truyện ma của Người Khăn Trắng ,https://m.truyenngan.com.vn/tieu-thuyet/truyen-kinh-di/844-tong-hop-truyen-ma-cua-nguoi-khan-trang.html
580,Ma câm: Ma khóc dưới hồ Tiên Đôn - Thiên Hạ Bá Xướng,https://m.truyenngan.com.vn/tieu-thuyet/truyen-kinh-di/843-ma-cam-ma-khoc-duoi-ho-tien-don.html
581,Rạp chiếu phim địa ngục - Hắc Sắc Hỏa Chung ,https://m.truyenngan.com.vn/tieu-thuyet/truyen-kinh-di/841-rap-chieu-phim-dia-nguc.html
582,Ma thổi đèn (Tập 8 - Vu hiệp Quan Sơn ) - Thiên Hạ Bá Xướng,https://m.truyenngan.com.vn/tieu-thuyet/truyen-kinh-di/840-ma-thoi-den-8.html
583,Tình người duyên ma - Nguyễn Lê Quan ,https://m.truyenngan.com.vn/tieu-thuyet/truyen-kinh-di/838-tinh-nguoi-duyen-ma.html
584,Tặc miêu - Thiên Hạ Bá Xướng,https://m.truyenngan.com.vn/tieu-thuyet/truyen-kinh-di/833-tac-mieu.html
585,Ma thổi đèn - Tập 6 - Nam Hải Quy Khư - Thiên Hạ Bá Xướng,https://m.truyenngan.com.vn/tieu-thuyet/truyen-kinh-di/830-ma-thoi-den-t6.html
586,Người đàn bà bị bán - Quách Tiểu Mạt,https://m.truyenngan.com.vn/tieu-thuyet/truyen-kinh-di/827-nguoi-dan-ba-bi-ban.html
587,Đồng xu nhuốm máu - Thạch Bất Hoại,https://m.truyenngan.com.vn/tieu-thuyet/truyen-kinh-di/825-dong-xu-nhuom-mau.html
588,Bức tranh chết chóc - Thạch Bất Hoại,https://m.truyenngan.com.vn/tieu-thuyet/truyen-kinh-di/819-buc-tranh-chet-choc.html
589,Thất Dạ Đàm - Thập Tứ Khuyết,https://m.truyenngan.com.vn/tieu-thuyet/truyen-kinh-di/818-that-da-dam.html
590,Ring - Vòng tròn ác nghiệt - Suzuki Koji,https://m.truyenngan.com.vn/tieu-thuyet/truyen-kinh-di/816-ring-vong-tron-ac-nghiet.html
591,Bí mật ánh trăng khuya - Người khăn trắng,https://m.truyenngan.com.vn/tieu-thuyet/truyen-kinh-di/814-bi-mat-anh-trang-khuya.html
592,Cẩm tú kỳ bào - Chu Nghiệp Á,https://m.truyenngan.com.vn/tieu-thuyet/truyen-kinh-di/811-cam-tu-ky-bao.html
593,Mặt nạ máu - Hồng Nương Tử,https://m.truyenngan.com.vn/tieu-thuyet/truyen-kinh-di/809-mat-na-mau.html
594,Thần đang nhìn Ngươi đấy! - Sái Tuấn,https://m.truyenngan.com.vn/tieu-thuyet/truyen-kinh-di/806-than-dang-nhin-nguoi-day.html
595,Cánh cửa xanh - Hồng Nương Tử,https://m.truyenngan.com.vn/tieu-thuyet/truyen-kinh-di/805-canh-cua-xanh.html
596,Nữ thần báo tử - Tập 2: Cứu rỗi linh hồn - Rachel Vincent,https://m.truyenngan.com.vn/tieu-thuyet/truyen-kinh-di/804-nu-than-bao-tu-tap-2.html
597,Nữ thần báo tử - Tập 1: Đoạt hồn - Rachel Vincent,https://m.truyenngan.com.vn/tieu-thuyet/truyen-kinh-di/803-nu-than-bao-tu-tap-1.html
598,Nghiệt oán tóc xanh - Hồng Nương Tử,https://m.truyenngan.com.vn/tieu-thuyet/truyen-kinh-di/801-nghiet-an-toc-xanh.html
599,Kiếp nạn trời định - Thượng Quan Ngọ Dạ,https://m.truyenngan.com.vn/tieu-thuyet/truyen-kinh-di/799-kiep-nan-troi-dinh.html
600,Ma thổi đèn - Tập 1 - Thành cổ tinh tuyệt - Thiên Hạ Bá Xướng,https://m.truyenngan.com.vn/tieu-thuyet/truyen-kinh-di/796-ma-thoi-den-t1.html
601,Con quỷ truyền kiếp - Jessie D.Kerruish,https://m.truyenngan.com.vn/tieu-thuyet/truyen-kinh-di/795-con-quy-truyen-kiep.html
602,Hồ tuyệt mệnh - Quỷ Cổ Nữ,https://m.truyenngan.com.vn/tieu-thuyet/truyen-kinh-di/793-ho-tuyet-menh.html
603,Trinh nữ báo thù - Khuyết Danh,https://m.truyenngan.com.vn/tieu-thuyet/truyen-kinh-di/790-trinh-nu-bao-thu.html
604,Bí mật trong quán net - Vô danh,https://m.truyenngan.com.vn/tieu-thuyet/truyen-kinh-di/788-bi-mat-trong-quan-net.html
605,Địa ngục tầng thứ 19 - Sái Tuấn,https://m.truyenngan.com.vn/tieu-thuyet/truyen-kinh-di/786-dia-nguc-tang-thu-19.html
606,Cưới ma - Chu Đức Đông,https://m.truyenngan.com.vn/tieu-thuyet/truyen-kinh-di/784-cuoi-ma.html
607,Đề thi đẫm máu - Lôi Mễ,https://m.truyenngan.com.vn/tieu-thuyet/truyen-kinh-di/783-de-thi-dam-mau.html
608,Nỗi đau của đom đóm - Quỷ Cổ Nữ,https://m.truyenngan.com.vn/tieu-thuyet/truyen-kinh-di/779-noi-dau-cua-dom-dom.html
609,Trại hoa đỏ - Di Li,https://m.truyenngan.com.vn/tieu-thuyet/truyen-kinh-di/776-trai-hoa-do.html
610,Đau thương đến chết - Quỷ Cổ Nữ,https://m.truyenngan.com.vn/tieu-thuyet/truyen-kinh-di/774-dau-thuong-den-chet.html
611,Tấm vải đỏ - Hồng Nương Tử,https://m.truyenngan.com.vn/tieu-thuyet/truyen-kinh-di/662-tam-vai-do.html
612,Kỳ án ánh trăng - Quỷ Cổ Nữ,https://m.truyenngan.com.vn/tieu-thuyet/truyen-kinh-di/647-ky-an-anh-trang.html
613,Liêu trai chí dị - Bồ Tùng Linh,https://m.truyenngan.com.vn/tieu-thuyet/truyen-kinh-di/522-lieu-trai-chi-di.html
614,Quả cam luân hồi - Hồng Nương Tử,https://m.truyenngan.com.vn/tieu-thuyet/truyen-kinh-di/516-qua-cam-luan-hoi.html
615,Trâm 4 - Chim liền cánh - Châu Văn Văn,https://m.truyenngan.com.vn/tieu-thuyet/xuyen-khong-co-dai-huyen-huyen/1037-tram-4-chim-lien-canh.html
616,Trâm 3 - Tình lang hờ - Châu Văn Văn,https://m.truyenngan.com.vn/tieu-thuyet/xuyen-khong-co-dai-huyen-huyen/1036-tram-3-tinh-lang-ho.html
617,Trâm 2 - Kẻ yểu mệnh - Châu Văn Văn,https://m.truyenngan.com.vn/tieu-thuyet/xuyen-khong-co-dai-huyen-huyen/1035-tram-2-ke-yeu-menh.html
618,Trâm 1 - Nữ hoạn quan - Châu Văn Văn,https://m.truyenngan.com.vn/tieu-thuyet/xuyen-khong-co-dai-huyen-huyen/1034-tram-1-nu-hoan-quan.html
619,Phế hậu tướng quân - Bản trường thiên,https://m.truyenngan.com.vn/tieu-thuyet/xuyen-khong-co-dai-huyen-huyen/1028-phe-hau-tuong-quan-ban-truong-thien.html
620,Chiêu Diêu - Cửu Lộ Phi Hương,https://m.truyenngan.com.vn/tieu-thuyet/xuyen-khong-co-dai-huyen-huyen/1025-chieu-dieu.html
621,Tái thế làm phi - Tổng công đại nhân,https://m.truyenngan.com.vn/tieu-thuyet/xuyen-khong-co-dai-huyen-huyen/1021-tai-the-lam-phi.html
622,Thịnh sủng thê bảo - Mạt Trà Khúc Kỳ,https://m.truyenngan.com.vn/tieu-thuyet/xuyen-khong-co-dai-huyen-huyen/1019-thinh-sung-the-bao.html
623,Ai mới là duyên phận,https://m.truyenngan.com.vn/tieu-thuyet/xuyen-khong-co-dai-huyen-huyen/1014-ai-moi-la-duyen-phan.html
624,Giang sơn như họa - Tứ Diệp Linh Lan,https://m.truyenngan.com.vn/tieu-thuyet/xuyen-khong-co-dai-huyen-huyen/1011-giang-don-nhu-hoa-tu-diep-linh-lan.html
625,Hoàng Phi Sở Đặc Công Số 11 (Sở Kiều truyện),https://m.truyenngan.com.vn/tieu-thuyet/xuyen-khong-co-dai-huyen-huyen/1007-hoang-phi-so-dac-cong-so-11-so-kieu-truyen.html
626,Trùng sinh lại làm sủng phi - Bạch Lục ,https://m.truyenngan.com.vn/tieu-thuyet/xuyen-khong-co-dai-huyen-huyen/990-trung-sinh-lai-lam-sung-phi.html
627,Quỷ vương kim bài sủng phi - Chá Mễ Thố,https://m.truyenngan.com.vn/tieu-thuyet/xuyen-khong-co-dai-huyen-huyen/988-quy-vuong-kim-bai-sung-phi.html
628,"Chiến Luyến Tuyết, Hàn Tuyết Truyền Kỳ - Phượng Vũ",https://m.truyenngan.com.vn/tieu-thuyet/xuyen-khong-co-dai-huyen-huyen/986-chien-luyen-tuyet-han-tuyet-truyen-ky.html
629,Bang chủ tiểu vương phi - Verika,https://m.truyenngan.com.vn/tieu-thuyet/xuyen-khong-co-dai-huyen-huyen/975-bang-chu-tieu-vuong-phi.html
630,Hậu cung: Chân Huyên truyện - Lưu Liễm Tử,https://m.truyenngan.com.vn/tieu-thuyet/xuyen-khong-co-dai-huyen-huyen/949-hau-cung-chan-huyen-truyen.html
631,Bạo quân ôn nhu của ta - Mặc Vũ Bích Ca,https://m.truyenngan.com.vn/tieu-thuyet/xuyen-khong-co-dai-huyen-huyen/948-bao-quan-on-nhu-cua-ta.html
632,Nữ bộ thiên hạ - Phong Gian Danh Hương,https://m.truyenngan.com.vn/tieu-thuyet/xuyen-khong-co-dai-huyen-huyen/936-nu-bo-thien-ha.html
633,Thất phu lâm môn - Giản Đơn Nhan,https://m.truyenngan.com.vn/tieu-thuyet/xuyen-khong-co-dai-huyen-huyen/935-that-phu-lam-mon.html
634,Phượng Tù Hoàng - Thiên Hữu Y Phong,https://m.truyenngan.com.vn/tieu-thuyet/xuyen-khong-co-dai-huyen-huyen/933-phuong-tu-hoang.html
635,Cô phương bất tự thưởng - Phong Lộng,https://m.truyenngan.com.vn/tieu-thuyet/xuyen-khong-co-dai-huyen-huyen/929-co-phuong-bat-tu-thuong.html
636,Đại mạc dao - Đồng Hoa,https://m.truyenngan.com.vn/tieu-thuyet/xuyen-khong-co-dai-huyen-huyen/928-dao-mac-dao.html
637,Vượt qua ngàn năm yêu chàng - Thu Vũ Dạ Hàn,https://m.truyenngan.com.vn/tieu-thuyet/xuyen-khong-co-dai-huyen-huyen/922-vuot-qua-ngan-nam-yeu-chang.html
638,A  Mạch tòng quân - Tiên Chanh,https://m.truyenngan.com.vn/tieu-thuyet/xuyen-khong-co-dai-huyen-huyen/906-a-mach-tong-quan.html
639,Tiếu diện vương gia - Nam Cung Dao,https://m.truyenngan.com.vn/tieu-thuyet/xuyen-khong-co-dai-huyen-huyen/881-tieu-dien-vuong-gia.html
640,Thần y đáng yêu của Lãnh huyết nữ vương - Nam Cung Dao,https://m.truyenngan.com.vn/tieu-thuyet/xuyen-khong-co-dai-huyen-huyen/880-than-y-dang-yeu-cua-lanh-huyet-nu-vuong.html
641,Vũ khuynh thành - Nam Cung Dao,https://m.truyenngan.com.vn/tieu-thuyet/xuyen-khong-co-dai-huyen-huyen/879-vu-khuynh-thanh.html
642,Hồ hoa thương tiên - Bí danh,https://m.truyenngan.com.vn/tieu-thuyet/xuyen-khong-co-dai-huyen-huyen/874-ho-hoa-thuong-tien.html
643,Đông Cung - Phi Ngã Tư Tồn,https://m.truyenngan.com.vn/tieu-thuyet/xuyen-khong-co-dai-huyen-huyen/800-dong-cung.html
644,Bộ bộ kinh tâm - Đồng Hoa,https://m.truyenngan.com.vn/tieu-thuyet/xuyen-khong-co-dai-huyen-huyen/782-bo-bo-kinh-tam-dong-hoa.html
645,Thịnh thế trà hương - Shishanchun,https://m.truyenngan.com.vn/tieu-thuyet/xuyen-khong-co-dai-huyen-huyen/771-thinh-the-tra-huong.html
646,Mộng ước phù du ,https://m.truyenngan.com.vn/tieu-thuyet/xuyen-khong-co-dai-huyen-huyen/766-mong-uoc-phu-du-thi-thuy-linh.html
647,Thế gia danh môn - Thập Tam Xuân,https://m.truyenngan.com.vn/tieu-thuyet/xuyen-khong-co-dai-huyen-huyen/764-the-gia-danh-mon.html
648,Vân Trung Ca - Đồng Hoa,https://m.truyenngan.com.vn/tieu-thuyet/xuyen-khong-co-dai-huyen-huyen/762-van-trung-ca.html
649,"Bạo Chúa, Bổn Cung đến từ 2012 - Nguyệt Mỵ Ly",https://m.truyenngan.com.vn/tieu-thuyet/xuyen-khong-co-dai-huyen-huyen/708-bao-chua-bon-cung-den-tu-2012.html
650,Bánh bao thịt tướng công - Cầu Mộng,https://m.truyenngan.com.vn/tieu-thuyet/xuyen-khong-co-dai-huyen-huyen/707-banh-bao-thit-tuong-cong.html
651,Bái sai đường - Hương Di,https://m.truyenngan.com.vn/tieu-thuyet/xuyen-khong-co-dai-huyen-huyen/704-bai-sai-duong.html
652,Bài học yêu đương của tiểu ma vương - Minh Nguyệt Thinh Phong,https://m.truyenngan.com.vn/tieu-thuyet/xuyen-khong-co-dai-huyen-huyen/703-bai-hoc-yeu-duong-cua-tieu-ma-vuong.html
653,Bách quỷ tập - Cửu Lộ Phi Hương,https://m.truyenngan.com.vn/tieu-thuyet/xuyen-khong-co-dai-huyen-huyen/702-bach-quy-tap.html
654,Bạch hổ khiêu tình - Đường Ân,https://m.truyenngan.com.vn/tieu-thuyet/xuyen-khong-co-dai-huyen-huyen/700-bach-ho-khieu-tinh.html
655,Bá chủ tình nô - Tân Kỳ,https://m.truyenngan.com.vn/tieu-thuyet/xuyen-khong-co-dai-huyen-huyen/696-ba-chu-tinh-no.html
656,"Nương tử, thỉnh chỉ giáo nhiều hơn - Cổ Linh",https://m.truyenngan.com.vn/tieu-thuyet/xuyen-khong-co-dai-huyen-huyen/695-nuong-tu-thinh-chi-giao-nhieu-hon.html
657,Ảo mộng tru yêu - Thẩm Thương My,https://m.truyenngan.com.vn/tieu-thuyet/xuyen-khong-co-dai-huyen-huyen/692-ao-mong-tru-yeu.html
658,Anh hùng khó qua ải mĩ nhân - Hà Vũ,https://m.truyenngan.com.vn/tieu-thuyet/xuyen-khong-co-dai-huyen-huyen/689-anh-hung-kho-qua-ai-mi-nhan.html
659,"Ái Phi, nghe nói nàng muốn trèo tường - Thiên Lạc Họa Tâm",https://m.truyenngan.com.vn/tieu-thuyet/xuyen-khong-co-dai-huyen-huyen/686-ai-phi-nghe-noi-nang-muon-treo-tuong.html
660,Xú Phi mộ tuyết - Tuyết Ma,https://m.truyenngan.com.vn/tieu-thuyet/xuyen-khong-co-dai-huyen-huyen/674-xu-phi-mo-tuyet.html
661,Hóa ra vượt thời gian là để yêu anh - Vĩ Hệ Băng Nhân,https://m.truyenngan.com.vn/tieu-thuyet/xuyen-khong-co-dai-huyen-huyen/670-hoa-ra-vuot-thoi-gian-la-de-yeu-anh.html
662,Mạn Châu sa hoa - Thương Nguyệt,https://m.truyenngan.com.vn/tieu-thuyet/xuyen-khong-co-dai-huyen-huyen/652-man-chau-sa-hoa.html
663,Luyến tiếc người trước mắt - Tiên Chanh,https://m.truyenngan.com.vn/tieu-thuyet/xuyen-khong-co-dai-huyen-huyen/650-luyen-tiec-nguoi-truoc-mat.html
664,Vú em siêu cấp - Lam Tiểu Uất,https://m.truyenngan.com.vn/tieu-thuyet/xuyen-khong-co-dai-huyen-huyen/648-vu-em-sieu-cap.html
665,Hải Đường nhàn thê - Hải Đường Xuân Thụy Tảo,https://m.truyenngan.com.vn/tieu-thuyet/xuyen-khong-co-dai-huyen-huyen/640-hai-duong-nhan-the.html
666,Trò đùa của Nguyệt Lão - Chu Ánh Huy,https://m.truyenngan.com.vn/tieu-thuyet/xuyen-khong-co-dai-huyen-huyen/633-tro-dua-cua-nguyet-lao.html
667,Xà vương tuyển hậu - Bổn Túi Túi,https://m.truyenngan.com.vn/tieu-thuyet/xuyen-khong-co-dai-huyen-huyen/629-xa-vuong-tuyen-hau.html
668,Con gái của biển cả - Bái Tang,https://m.truyenngan.com.vn/tieu-thuyet/xuyen-khong-co-dai-huyen-huyen/627-con-gai-cua-bien-ca.html
669,Ác bá Cửu Vương Gia - Cầu Mộng,https://m.truyenngan.com.vn/tieu-thuyet/xuyen-khong-co-dai-huyen-huyen/624-ac-ma-cuu-vuong-gia.html
670,Bạo Vương liệt phi - Ngạn Thiến,https://m.truyenngan.com.vn/tieu-thuyet/xuyen-khong-co-dai-huyen-huyen/620-bao-vuong-liet-phi.html
671,Ngạo khí hoàng phi - Tùy Phong Thanh,https://m.truyenngan.com.vn/tieu-thuyet/xuyen-khong-co-dai-huyen-huyen/618-ngao-khi-hoang-khi.html
672,Ngón tay quỷ - Lăng My,https://m.truyenngan.com.vn/tieu-thuyet/xuyen-khong-co-dai-huyen-huyen/610-ngon-tay-quy.html
673,Độc y vương phi - Ngô Tiếu Tiếu,https://m.truyenngan.com.vn/tieu-thuyet/xuyen-khong-co-dai-huyen-huyen/609-doc-y-vuong-phi.html
674,Thiên giới hoàng hậu - Ngô Tiếu Tiếu,https://m.truyenngan.com.vn/tieu-thuyet/xuyen-khong-co-dai-huyen-huyen/608-thien-gioi-hoang-hau.html
675,Ngốc nghếch nữ nhân hành phiến ký - Mê Lộ Thu Thiên,https://m.truyenngan.com.vn/tieu-thuyet/xuyen-khong-co-dai-huyen-huyen/607-ngoc-nghech-nu-nhan-hanh-phien-ky.html
676,Ngự hoàng - Lạc Dận,https://m.truyenngan.com.vn/tieu-thuyet/xuyen-khong-co-dai-huyen-huyen/606-ngu-hoang.html
677,Phế hậu tướng quân - Nhất độ Quân Hoa,https://m.truyenngan.com.vn/tieu-thuyet/xuyen-khong-co-dai-huyen-huyen/594-phe-hau-tuong-quan.html
678,Mùa xuân của tiểu nhũ mẫu - Tiểu hài tử ngươi lại đây,https://m.truyenngan.com.vn/tieu-thuyet/xuyen-khong-co-dai-huyen-huyen/593-mua-xuan-cua-tieu-nhu-mau.html
679,Nữ nô của bá chủ - Nguyên Viện,https://m.truyenngan.com.vn/tieu-thuyet/xuyen-khong-co-dai-huyen-huyen/588-nu-no-cua-ba-chu.html
680,Mùa hoa rơi gặp lại chàng - Thục Khách,https://m.truyenngan.com.vn/tieu-thuyet/xuyen-khong-co-dai-huyen-huyen/585-mua-hoa-roi-gap-lai-chang.html
681,Phấn hoa lầu xanh - Tào Đình,https://m.truyenngan.com.vn/tieu-thuyet/xuyen-khong-co-dai-huyen-huyen/557-phan-hoa-lau-xanh.html
682, Ma vương hoàng hậu - Cổ Hạnh Linh ,https://m.truyenngan.com.vn/tieu-thuyet/xuyen-khong-co-dai-huyen-huyen/542-ma-vuong-hoang-hau.html
683,Lãnh Khốc phu quân -  Thượng Quan Sở Sở ,https://m.truyenngan.com.vn/tieu-thuyet/xuyen-khong-co-dai-huyen-huyen/524-lanh-khoc-phu-quan.html
684,Quả nhân có bệnh - Tùy Vũ Nhi An,https://m.truyenngan.com.vn/tieu-thuyet/xuyen-khong-co-dai-huyen-huyen/515-qua-nhan-co-benh.html
685,Tìm sói để gả – Liễu Doanh,https://m.truyenngan.com.vn/tieu-thuyet/xuyen-khong-co-dai-huyen-huyen/504-tim-soi-de-ga.html
686,Lang vương sủng thiếp - Ngạn Thiến,https://m.truyenngan.com.vn/tieu-thuyet/xuyen-khong-co-dai-huyen-huyen/503-lang-vuong-sung-thiep.html
687,Như ý - Kim Huyên,https://m.truyenngan.com.vn/tieu-thuyet/xuyen-khong-co-dai-huyen-huyen/501-nhu-y-kim-huyen.html
688,Lạnh quân dạ thiếp - Hồ Ly,https://m.truyenngan.com.vn/tieu-thuyet/xuyen-khong-co-dai-huyen-huyen/491-lanh-quan-da-thiep.html
689,Làm yêu nữ phải gặp đại thần - Yêu Nữ họ Triệu,https://m.truyenngan.com.vn/tieu-thuyet/xuyen-khong-co-dai-huyen-huyen/490-lam-yeu-nu-phai-gap-dai-than.html
690,Thác phi dụ tình - Nguyệt Xuất Vân,https://m.truyenngan.com.vn/tieu-thuyet/xuyen-khong-co-dai-huyen-huyen/480-thac-phi-du-tinh.html
691,Thẻ đọc tâm - Dịch Phấn Hàn,https://m.truyenngan.com.vn/tieu-thuyet/xuyen-khong-co-dai-huyen-huyen/474-the-doc-tam.html
692,Khi đại thần gặp đại thần – Quỷ Quái Muội,https://m.truyenngan.com.vn/tieu-thuyet/xuyen-khong-co-dai-huyen-huyen/467-khi-dai-than-gap-dai-than.html
693,Uyển Vân - Hoa Tuyết Tử,https://m.truyenngan.com.vn/tieu-thuyet/xuyen-khong-co-dai-huyen-huyen/453-uyen-van.html
694,Hoàng hậu bỏ trốn - Sở sở,https://m.truyenngan.com.vn/tieu-thuyet/xuyen-khong-co-dai-huyen-huyen/448-hoang-hau-bo-tron.html
695,Đại Minh Giang hồ trạch nữ ký - Thẩm Thương,https://m.truyenngan.com.vn/tieu-thuyet/xuyen-khong-co-dai-huyen-huyen/443-dai-minh-giang-ho.html
696,Giấc mộng giang sơn - Cương Quyết Mạnh,https://m.truyenngan.com.vn/tieu-thuyet/xuyen-khong-co-dai-huyen-huyen/441-giac-mong-giang-son.html
697,Hoàng hậu lười - Hiểu Nguyệt Phong Thanh,https://m.truyenngan.com.vn/tieu-thuyet/xuyen-khong-co-dai-huyen-huyen/440-hoang-hau-luoi.html
698,Hữu duyên thiên niên tương ngộ - Tuyết Ánh Sương Hồn,https://m.truyenngan.com.vn/tieu-thuyet/xuyen-khong-co-dai-huyen-huyen/439-huu-duyen-thien-nien-tuong-ngo.html
699,Phù Cừ - Hồ Điệp Seba,https://m.truyenngan.com.vn/tieu-thuyet/xuyen-khong-co-dai-huyen-huyen/438-phu-cu.html
700,Tình nhân một đêm của ma nữ - Hữu Dung,https://m.truyenngan.com.vn/tieu-thuyet/xuyen-khong-co-dai-huyen-huyen/435-tinh-nhan-mot-dem-cua-ma-nu.html
701,Tam sinh tam thế - Thập Lý Đào Hoa,https://m.truyenngan.com.vn/tieu-thuyet/xuyen-khong-co-dai-huyen-huyen/428-tam-sinh-tam-the-thap-ly-dao-hoa.html
702,Trong mộng kì duyên - Đông Phương Trúc Nguyệt,https://m.truyenngan.com.vn/tieu-thuyet/xuyen-khong-co-dai-huyen-huyen/422-trong-mong-ki-duyen.html
703,Hưởng hết sủng nịnh - Đóa Diên,https://m.truyenngan.com.vn/tieu-thuyet/xuyen-khong-co-dai-huyen-huyen/421-huong-het-sung-ninh.html
704,Đêm Đỗ Kinh - Thẩm Thương My,https://m.truyenngan.com.vn/tieu-thuyet/xuyen-khong-co-dai-huyen-huyen/418-dem-do-kinh.html
705,Đều là thiên kim chọc họa - Trịnh Nghiên,https://m.truyenngan.com.vn/tieu-thuyet/xuyen-khong-co-dai-huyen-huyen/416-deu-la-thien-kim-choc-hoa.html
706,"Tam Sinh, Vong Xuyên bất tử - Cửu Lộ Phi Hương",https://m.truyenngan.com.vn/tieu-thuyet/xuyen-khong-co-dai-huyen-huyen/410-tam-sinh-vong-xuyen-bat-tu.html
707,Nhẫn đông - Cửu Lộ Phi Hương ,https://m.truyenngan.com.vn/tieu-thuyet/xuyen-khong-co-dai-huyen-huyen/409-nhan-dong.html
708,Đào yêu - Cửu Lộ Phi Hương ,https://m.truyenngan.com.vn/tieu-thuyet/xuyen-khong-co-dai-huyen-huyen/408-dao-yeu-cuu-lo-phi-huong.html
709,Công chúa yêu phò mã - Vọng Nguyệt Lâu,https://m.truyenngan.com.vn/tieu-thuyet/xuyen-khong-co-dai-huyen-huyen/405-cong-chua-yeu-pho-ma.html
710,Tuyệt thế mỹ phu nhân - Sở Sở,https://m.truyenngan.com.vn/tieu-thuyet/xuyen-khong-co-dai-huyen-huyen/402-tuyet-the-my-phu-nhan.html
711,Tôi là Lưu Nhảy Vọt - Lưu Chấn Vân,https://m.truyenngan.com.vn/tieu-thuyet/xuyen-khong-co-dai-huyen-huyen/393-toi-la-luu-nhay-vot.html
712,Hoa Tư Dẫn- Đường Thất Công Tử,https://m.truyenngan.com.vn/tieu-thuyet/xuyen-khong-co-dai-huyen-huyen/391-hoa-tu-dan-tieu-thuyet.html
713,Trần tiên sinh và Trình phu nhân - Cửu Lộ Phi Hương,https://m.truyenngan.com.vn/tieu-thuyet/xuyen-khong-co-dai-huyen-huyen/381-tran-tien-sinh-va-trinh-phu-nhan.html
714,Dê ác đánh sói - Cổ Linh,https://m.truyenngan.com.vn/tieu-thuyet/xuyen-khong-co-dai-huyen-huyen/373-de-ac-danh-soi.html
715,Ôn nhu nộ tướng quân - Cổ Linh,https://m.truyenngan.com.vn/tieu-thuyet/xuyen-khong-co-dai-huyen-huyen/353-on-nhu-no-tuong-qua.html
716,Xuyên thời không Tu La chi nữ - Ô Nha Thất 7,https://m.truyenngan.com.vn/tieu-thuyet/xuyen-khong-co-dai-huyen-huyen/332-xuyen-thoi-khong-tu-la-chi-nu.html
717,Ngàn năm chờ đợi - Diệp Lạc Vô Tâm,https://m.truyenngan.com.vn/tieu-thuyet/xuyen-khong-co-dai-huyen-huyen/318-ngan-nam-cho-doi.html
718,Thiên hạ đệ nhất gả - Điển Tâm,https://m.truyenngan.com.vn/tieu-thuyet/xuyen-khong-co-dai-huyen-huyen/311-thien-ha-de-nhat-ga.html
719,Họa mi - Điển Tâm,https://m.truyenngan.com.vn/tieu-thuyet/xuyen-khong-co-dai-huyen-huyen/309-hoa-mi.html
720,Đế vương họa mi - Hi Trữ Nhược Hải Nguyệt,https://m.truyenngan.com.vn/tieu-thuyet/xuyen-khong-co-dai-huyen-huyen/305-de-vuong-hoa-mi.html
721,Nương tử thỉnh giáo nhiều hơn - Cổ Linh,https://m.truyenngan.com.vn/tieu-thuyet/xuyen-khong-co-dai-huyen-huyen/303-nuong-tu-thỉnh-giao-nhieu-hon.html
722,Chung vô diệm - Tô Chẩn,https://m.truyenngan.com.vn/tieu-thuyet/xuyen-khong-co-dai-huyen-huyen/298-chung-vo-diem.html
723,Chỉ yêu quỷ nhãn vương phi - Y Hinh,https://m.truyenngan.com.vn/tieu-thuyet/xuyen-khong-co-dai-huyen-huyen/296-chi-yeu-quy-nhan-vuong-phi.html
724,Ngàn năm chân tình - Tiểu Yến,https://m.truyenngan.com.vn/tieu-thuyet/xuyen-khong-co-dai-huyen-huyen/293-chan-tinh-ngan-nam.html
725,Yêu nghiệt nhà ta- Cầu Mộng,https://m.truyenngan.com.vn/tieu-thuyet/xuyen-khong-co-dai-huyen-huyen/292-yeu-nghiet-nha-ta.html
726,Túc vương thiên tuế - Cầu Mộng,https://m.truyenngan.com.vn/tieu-thuyet/xuyen-khong-co-dai-huyen-huyen/291-tuc-vuong-thien-te.html
727,Triền định tướng quân phu -  Cầu Mộng,https://m.truyenngan.com.vn/tieu-thuyet/xuyen-khong-co-dai-huyen-huyen/290-trien-dinh-tuong-quan-phu.html
728,Nhà có tà phu - Cầu Mộng,https://m.truyenngan.com.vn/tieu-thuyet/xuyen-khong-co-dai-huyen-huyen/289-nha-co-ta-phu.html
729,Bình hoa đại thần - Cẩm Trúc,https://m.truyenngan.com.vn/tieu-thuyet/xuyen-khong-co-dai-huyen-huyen/271-binh-hoa-dai-than.html
730,Ái phi của vương gia thần bí - Đạm Nguyệt Tân Lương,https://m.truyenngan.com.vn/tieu-thuyet/xuyen-khong-co-dai-huyen-huyen/250-ai-phi-cua-vuong-gia-than-bi-dam-nguyet-tan-luong.html
731,"Ai gia, có hỉ - Thanh Mai Gia Trang",https://m.truyenngan.com.vn/tieu-thuyet/xuyen-khong-co-dai-huyen-huyen/248-ai-gia-co-hi.html
732,Ai bảo chỉ hoàng tử mới là chân mệnh thiên tử,https://m.truyenngan.com.vn/tieu-thuyet/xuyen-khong-co-dai-huyen-huyen/246-ai-bao-chi-hoang-tu-moi-la-chan-menh-thien-tu.html
733,Mười đại mưu lược gia Trung Quốc - Tang Du,https://m.truyenngan.com.vn/tieu-thuyet/xuyen-khong-co-dai-huyen-huyen/242-muoi-dai-muu-luoc-gia-trung-quoc.html
734,Thế thân - Tuý Thái Bình,https://m.truyenngan.com.vn/tieu-thuyet/xuyen-khong-co-dai-huyen-huyen/237-the-than.html
735,Thoát tuyến hiệp nữ - Mai Bối Nhĩ,https://m.truyenngan.com.vn/tieu-thuyet/xuyen-khong-co-dai-huyen-huyen/234-thoat-tuyen-hiep-nu.html
736,Tiếu diện quân sư - Mạc nhan,https://m.truyenngan.com.vn/tieu-thuyet/xuyen-khong-co-dai-huyen-huyen/211-tieu-dien-quan-su.html
737,"Yêu Nghiệt, Buông tha ta! - Dạy Hư Nương Tử",https://m.truyenngan.com.vn/tieu-thuyet/xuyen-khong-co-dai-huyen-huyen/195-yeu-nghiet-buong-tha-ta.html
738,Vân Thiêu Si Tâm - Tân Kỳ,https://m.truyenngan.com.vn/tieu-thuyet/xuyen-khong-co-dai-huyen-huyen/194-van-thieu-si-tam.html
739,Vô Sắc Công Tử - Thẩm Tiểu Chi,https://m.truyenngan.com.vn/tieu-thuyet/xuyen-khong-co-dai-huyen-huyen/193-vo-sac-cong-tu.html
740,Trượng phu không ngồi yên trong phòng - Hạ Y,https://m.truyenngan.com.vn/tieu-thuyet/xuyen-khong-co-dai-huyen-huyen/192-truong-phu-khong-ngoi-yen-trong-phong.html
741,Trọng Sinh Chu Chỉ Nhược - Phượng Vũ Linh Lạc,https://m.truyenngan.com.vn/tieu-thuyet/xuyen-khong-co-dai-huyen-huyen/191-trong-sinh-chu-chi-nhuoc.html
742,Tiêu Vương - Thù Thiến,https://m.truyenngan.com.vn/tieu-thuyet/xuyen-khong-co-dai-huyen-huyen/190-tieu-vuong.html
